"Sr. No.","Work category","Work","State","IDA","Hon'ble Members of Parliament","Elected/Nominated","Work description","Recommended date","Sanction Date","Sanction Amount ( ₹ )","Work Status"
"1","Normal/Others","WS/MP18440/2026-2027/294457-Installing hand pumps","Jammu And Kashmir","POONCH(Deputy Commissioner Poonch_IDA)","Shri Sat Paul Sharma (2025-31) (2025-2031)","Elected MP","hand pump at mohalla qureshiyain, sora village bhatidar, tehsil mendhar","12-Jul-2026","03-Aug-2026","355365","Sanction"
"2","Normal/Others","WS/MP18440/2026-2027/294464-Installing hand pumps","Jammu And Kashmir","KATHUA(DISTRICT DEVELOPMENT COMMISSIONER KATHUA_IDA)","Shri Sat Paul Sharma (2025-31) (2025-2031)","Elected MP","mark 2 hand pump at ward no 1 hiranagar","12-Jul-2026","20-Jul-2026","495000","Sanction"
"3","Normal/Others","WS/MP18440/2026-2027/294465-Installing hand pumps","Jammu And Kashmir","KATHUA(DISTRICT DEVELOPMENT COMMISSIONER KATHUA_IDA)","Shri Sat Paul Sharma (2025-31) (2025-2031)","Elected MP","mark 2 hand pump near shamshan ghat ward no 6","12-Jul-2026","20-Jul-2026","339000","Sanction"
"4","Normal/Others","WS/MP18440/2026-2027/294462-Construction of boundary walls of existing public and community buildings","Jammu And Kashmir","UDHAMPUR(Deputy Commissioner Udhampur_IDA)","Shri Sat Paul Sharma (2025-31) (2025-2031)","Elected MP","Boundary wall of community hall at Mahatma Rasila Ram Vedic Vanaprastha Anand Dham","12-Jul-2026","06-Aug-2026","1920000","Sanction"
"5","Normal/Others","WS/MP18440/2026-2027/307845-Construction of common work sheds/ common covered sitting area","Jammu And Kashmir","POONCH(Deputy Commissioner Poonch_IDA)","Shri Sat Paul Sharma (2025-31) (2025-2031)","Elected MP","Community bunker","25-Aug-2026","27-Aug-2026","1600000","Sanction"
"6","Normal/Others","WS/MP839/2023-2024/53096-Construction of additional rooms and halls in the existing public and community building","Jammu And Kashmir","JAMMU(DEPUTY COMMISSIONER JAMMU_IDA)","Shri Gulam Ali (2022-28) (2022-2028)","Nominated MP","Construction of wall,floor,etc","25-Nov-2023","14-Feb-2024","442318","Physical Inspection"
"7","Normal/Others","WS/MP839/2025-2026/222782-Construction of boundary walls of existing public and community buildings","Jammu And Kashmir","SAMBA(Deputy Commissioner Samba_IDA)","Shri Gulam Ali (2022-28) (2022-2028)","Nominated MP","Construction of protection wall of MR hasin Mohd R O Khara Mandana panchayat Lower khara mandana block pumandal District  Samba","27-Jul-2025","03-Sep-2025","200000","Work partially Completed"
"8","Normal/Others","WS/MP839/2025-2026/222783-Construction of boundary walls of existing public and community buildings","Jammu And Kashmir","SAMBA(Deputy Commissioner Samba_IDA)","Shri Gulam Ali (2022-28) (2022-2028)","Nominated MP","Construction of retaining wall and tile work at panchayat mean sarkar block bari brahmna District Samba","27-Jul-2025","03-Sep-2025","300000","Sanction"
"9","Normal/Others","WS/MP839/2025-2026/195276-Construction of buildings for community cultural activities","Jammu And Kashmir","JAMMU(DEPUTY COMMISSIONER JAMMU_IDA)","Shri Gulam Ali (2022-28) (2022-2028)","Nominated MP","construction of floor walls windows and doors of hall at saheedi sathal praja parishad memorial trust village post tehsil jourian","28-Apr-2025","25-Aug-2025","1500000","Sanction"
"10","Repair and Renovation","WS/MP839/2025-2026/252192-Construction of cycle tracks, cycle stand and segregated non-motorized vehicle (NMV) lanes","Jammu And Kashmir","JAMMU(DEPUTY COMMISSIONER JAMMU_IDA)","Shri Gulam Ali (2022-28) (2022-2028)","Nominated MP","Construction of a drain and tile repair work at GTV Nagar,Bali no.-2, near baba dairy Malik Market ,Block-Satwati District-Jammu","04-Dec-2025","16-Jan-2026","400000","Sanction"
"11","Normal/Others","WS/MP839/2025-2026/252211-Construction of cycle tracks, cycle stand and segregated non-motorized vehicle (NMV) lanes","Jammu And Kashmir","POONCH(Deputy Commissioner Poonch_IDA)","Shri Gulam Ali (2022-28) (2022-2028)","Nominated MP","Construction of Brick Path near  the home of Farooq ,w .no 4 panchayat-Bandichechian ,Block NSSB , Punch.","04-Dec-2025","07-Feb-2026","98000","Physical Inspection"
"12","Normal/Others","WS/MP839/2025-2026/257310-Construction of bus-sheds or bus-stops","Jammu And Kashmir","JAMMU(DEPUTY COMMISSIONER JAMMU_IDA)","Shri Gulam Ali (2022-28) (2022-2028)","Nominated MP","Balance work of community Toilet (bathroom)near Masjid at Sunjwan lower(panchayat) Block Satwari.","05-Jan-2026","16-Jan-2026","1200000","Sanction"
"13","Normal/Others","WS/MP839/2023-2024/53097-Installing tube-wells and borewells","Jammu And Kashmir","SAMBA(Deputy Commissioner Samba_IDA)","Shri Gulam Ali (2022-28) (2022-2028)","Nominated MP","Instalation of borewell","25-Nov-2023","12-Dec-2023","221123","Physical Inspection"
"14","Normal/Others","WS/MP839/2025-2026/258710-Installing tube-wells and borewells","Jammu And Kashmir","JAMMU(DEPUTY COMMISSIONER JAMMU_IDA)","Shri Gulam Ali (2022-28) (2022-2028)","Nominated MP","INSTALLATION OF SUMERSIBLE PUMP AT NEAR OLD SHIV MANDIR NHO ASIF SUNJWAN","11-Jan-2026","07-Feb-2026","600000","Sanction"
"15","Normal/Others","WS/MP839/2025-2026/252209-Installing hand pumps","Jammu And Kashmir","SAMBA(Deputy Commissioner Samba_IDA)","Shri Gulam Ali (2022-28) (2022-2028)","Nominated MP","Installation of hand pump at Mohalla late Saifudin,ward-6 panchayat Raya Vijaypura Samba availiabity nearly surrounded proposed site","04-Dec-2025","19-Jan-2026","350000","Vendor Identification"
"16","Normal/Others","WS/MP839/2025-2026/258705-Installing hand pumps","Jammu And Kashmir","POONCH(Deputy Commissioner Poonch_IDA)","Shri Gulam Ali (2022-28) (2022-2028)","Nominated MP","INSTALLATION OF HAND PUMP AT MOHALLA THAKALLAYAN NEAR ASHRAF KHAN HOUSE WARD NO 3 DHARANA LOWER PLEASE SEE SERIAL NO 3 ENCLOSED LIST","11-Jan-2026","09-Mar-2026","300000","Sanction"
"17","Normal/Others","WS/MP839/2025-2026/258708-Installing hand pumps","Jammu And Kashmir","RAJOURI(Deputy Commissioner Rajouri_IDA)","Shri Gulam Ali (2022-28) (2022-2028)","Nominated MP","INSTALLATION OF HAND PUMP AT VILLAGE MOHRA MOHALLA ANARKALI BLOCK KOTERNAKA","11-Jan-2026","05-Feb-2026","300000","Sanction"
"18","Normal/Others","WS/MP839/2023-2024/13023-Construction of community centers and community halls","Jammu And Kashmir","JAMMU(DEPUTY COMMISSIONER JAMMU_IDA)","Shri Gulam Ali (2022-28) (2022-2028)","Nominated MP","Upgradtion of main dome of fiber sheets(uv protected sheets)","25-Aug-2023","30-Oct-2023","1906475","Physical Inspection"
"19","Normal/Others","WS/MP839/2024-2025/158703-Construction of community centers and community halls","Jammu And Kashmir","JAMMU(DEPUTY COMMISSIONER JAMMU_IDA)","Shri Gulam Ali (2022-28) (2022-2028)","Nominated MP","remaining work of community hall at purana pind..please ignore serial no 2","14-Dec-2024","22-Feb-2025","389394","Physical Inspection"
"20","Normal/Others","WS/MP839/2024-2025/170349-Construction of community centers and community halls","Jammu And Kashmir","KATHUA(DISTRICT DEVELOPMENT COMMISSIONER KATHUA_IDA)","Shri Gulam Ali (2022-28) (2022-2028)","Nominated MP","Completion of community hall at district Kathua-6 lacs","29-Jan-2025","22-Mar-2025","450000","Physical Inspection"
"21","Normal/Others","WS/MP839/2025-2026/257311-Construction of community centers and community halls","Jammu And Kashmir","JAMMU(DEPUTY COMMISSIONER JAMMU_IDA)","Shri Gulam Ali (2022-28) (2022-2028)","Nominated MP","Construction of platform and allied works at Lal Madarsa,panchayat Sunjwan Lower,Block Satwari","05-Jan-2026","16-Jan-2026","500000","Sanction"
"22","Normal/Others","WS/MP839/2025-2026/191391-Crematoriums/energy efficient crematoriums or structures on burial/cremation ground","Jammu And Kashmir","JAMMU(DEPUTY COMMISSIONER JAMMU_IDA)","Shri Gulam Ali (2022-28) (2022-2028)","Nominated MP","contrcution of graveyard shed at dungiyan panchayat lower sunjwan block satwari","15-Apr-2025","30-Apr-2025","541000","Work Completed"
"23","Normal/Others","WS/MP839/2025-2026/252972-Crematoriums/energy efficient crematoriums or structures on burial/cremation ground","Jammu And Kashmir","POONCH(Deputy Commissioner Poonch_IDA)","Shri Gulam Ali (2022-28) (2022-2028)","Nominated MP","Construction of protection wall at the graveyard in mohalla  Molvian w no. 4 ,Salwa lower","08-Dec-2025","04-Feb-2026","300000","Work partially Completed"
"24","Normal/Others","WS/MP839/2024-2025/152775-Construction of common work sheds/ common covered sitting area","Jammu And Kashmir","JAMMU(DEPUTY COMMISSIONER JAMMU_IDA)","Shri Gulam Ali (2022-28) (2022-2028)","Nominated MP","constructionof community shed ward no 8 serial no1 (as per enclosed) please ignore serial no 2","15-Nov-2024","10-Dec-2024","1313000","Physical Inspection"
"25","Normal/Others","WS/MP839/2024-2025/152776-Construction of common work sheds/ common covered sitting area","Jammu And Kashmir","SAMBA(Deputy Commissioner Samba_IDA)","Shri Gulam Ali (2022-28) (2022-2028)","Nominated MP","contstruction of pulli over meen sarkar sarore adda samba","15-Nov-2024","20-Nov-2024","459000","Physical Inspection"
"26","Normal/Others","WS/MP839/2025-2026/257312-Construction of water tanks","Jammu And Kashmir","JAMMU(DEPUTY COMMISSIONER JAMMU_IDA)","Shri Gulam Ali (2022-28) (2022-2028)","Nominated MP","Construction of water tank at Panchayat lower Sunjwan,District Jammu","05-Jan-2026","18-Mar-2026","130000","Sanction"
"27","Repair and Renovation","WS/MP839/2025-2026/258707-Construction of water tanks","Jammu And Kashmir","RAJOURI(Deputy Commissioner Rajouri_IDA)","Shri Gulam Ali (2022-28) (2022-2028)","Nominated MP","PANCHAYAT ATTI WARD NO 1 OF BLOCK RAJAOURI THROUGH SH QAMAR RUBANI OTHERS FOR CONSTRUCTION REPAIRING OF WATER TANK","11-Jan-2026","04-Feb-2026","130000","Work partially Completed"
"28","Normal/Others","WS/MP839/2025-2026/195277-Installing community drinking water plants","Jammu And Kashmir","JAMMU(DEPUTY COMMISSIONER JAMMU_IDA)","Shri Gulam Ali (2022-28) (2022-2028)","Nominated MP","installation testing commisioning of submersible pump set along with allied accessories at shahi swami nagar lower thathar bantalab ward no 63 district jammu","28-Apr-2025","15-May-2025","328472","Physical Inspection"
"29","Normal/Others","WS/MP839/2023-2024/61661-Construction of public toilets and bathrooms","Jammu And Kashmir","JAMMU(DEPUTY COMMISSIONER JAMMU_IDA)","Shri Gulam Ali (2022-28) (2022-2028)","Nominated MP","Construction of community bathroom at Sunjwan lower","13-Dec-2023","09-Feb-2024","1998000","Physical Inspection"
"30","Normal/Others","WS/MP839/2026-2027/293752-Construction of flood control embankments/ protection walls along riverbanks, hilltops, roadsides","Jammu And Kashmir","POONCH(Deputy Commissioner Poonch_IDA)","Shri Gulam Ali (2022-28) (2022-2028)","Nominated MP","Construction of C/Wall near the Khalid Khan W.No:-07, Kehnu Kalani Mandi Poonch.","09-Jul-2026","31-Jul-2026","500000","Sanction"
"31","Normal/Others","WS/MP839/2026-2027/293758-Construction of flood control embankments/ protection walls along riverbanks, hilltops, roadsides","Jammu And Kashmir","POONCH(Deputy Commissioner Poonch_IDA)","Shri Gulam Ali (2022-28) (2022-2028)","Nominated MP","Construction of C/wall near the land of Asif Iqbal W.No:-03, Kulani Sathra","09-Jul-2026","31-Jul-2026","200000","Sanction"
"32","Normal/Others","WS/MP839/2026-2027/293767-Construction of flood control embankments/ protection walls along riverbanks, hilltops, roadsides","Jammu And Kashmir","POONCH(Deputy Commissioner Poonch_IDA)","Shri Gulam Ali (2022-28) (2022-2028)","Nominated MP","Construction of Play field at W.No:-07, Bella,Kehnu Sathra","09-Jul-2026","31-Jul-2026","200000","Sanction"
"33","Normal/Others","WS/MP839/2026-2027/294085-Construction of flood control embankments/ protection walls along riverbanks, hilltops, roadsides","Jammu And Kashmir","JAMMU(DEPUTY COMMISSIONER JAMMU_IDA)","Shri Gulam Ali (2022-28) (2022-2028)","Nominated MP","Construction of drain near the house of ch. Talib Hussain (BJP Leader ) at W.NO. 03 village and PYT.BAMYAL block Nagrota.","10-Jul-2026","22-Jul-2026","200000","Sanction"
"34","Normal/Others","WS/MP839/2024-2025/174299-Construction of roads, link roads, pathways or any other road with or without drainage system","Jammu And Kashmir","JAMMU(DEPUTY COMMISSIONER JAMMU_IDA)","Shri Gulam Ali (2022-28) (2022-2028)","Nominated MP","Tile work from Raika Masjid bhatt colonytowards  the house of murad bibi at Raika panchayat, Sunjuwanlower,Block Satwari Tehsil Bahu District Jammu.","07-Feb-2025","03-Mar-2025","519300","Physical Inspection"
"35","Normal/Others","WS/MP839/2025-2026/258709-Construction of roads, link roads, pathways or any other road with or without drainage system","Jammu And Kashmir","JAMMU(DEPUTY COMMISSIONER JAMMU_IDA)","Shri Gulam Ali (2022-28) (2022-2028)","Nominated MP","ONSTRUCTION OF LANE DRAIN FROM FROM THE HOUSE OF SHRI AVTAR SINGH AT PANCHAYAT RAJPURA VILLAGE DUB KARAM DIN BLOCK MARH","11-Jan-2026","11-Feb-2026","200000","Sanction"
"36","Normal/Others","WS/MP839/2023-2024/25883-Lighting of public spaces","Jammu And Kashmir","SHAHJAHANPUR(DISTRICT MAGISTRAE SHAHJAHANAPUR_IDA)","Shri Gulam Ali (2022-28) (2022-2028)","Nominated MP","Led High Mask with Six Lights,near the house of sh.Zeeshan khan","25-Sep-2023","28-Nov-2023","243000","Physical Inspection"
"37","Normal/Others","WS/MP839/2023-2024/25884-Lighting of public spaces","Jammu And Kashmir","SHAHJAHANPUR(DISTRICT MAGISTRAE SHAHJAHANAPUR_IDA)","Shri Gulam Ali (2022-28) (2022-2028)","Nominated MP","Led high mask with six lights,near Majaar","25-Sep-2023","28-Nov-2023","243000","Physical Inspection"
"38","Normal/Others","WS/MP839/2023-2024/25885-Lighting of public spaces","Jammu And Kashmir","SHAHJAHANPUR(DISTRICT MAGISTRAE SHAHJAHANAPUR_IDA)","Shri Gulam Ali (2022-28) (2022-2028)","Nominated MP","Led high mask with six lights,","25-Sep-2023","28-Nov-2023","243000","Physical Inspection"
"39","Normal/Others","WS/MP839/2023-2024/25910-Lighting of public spaces","Jammu And Kashmir","SHAHJAHANPUR(DISTRICT MAGISTRAE SHAHJAHANAPUR_IDA)","Shri Gulam Ali (2022-28) (2022-2028)","Nominated MP","Led high mask with six lights","25-Sep-2023","28-Nov-2023","243000","Physical Inspection"
"40","Normal/Others","WS/MP839/2023-2024/25912-Lighting of public spaces","Jammu And Kashmir","SHAHJAHANPUR(DISTRICT MAGISTRAE SHAHJAHANAPUR_IDA)","Shri Gulam Ali (2022-28) (2022-2028)","Nominated MP","Led high mask with six lights","25-Sep-2023","28-Nov-2023","243000","Physical Inspection"
"41","Normal/Others","WS/MP839/2023-2024/25915-Lighting of public spaces","Jammu And Kashmir","SHAHJAHANPUR(DISTRICT MAGISTRAE SHAHJAHANAPUR_IDA)","Shri Gulam Ali (2022-28) (2022-2028)","Nominated MP","Led high mask with six lights","25-Sep-2023","28-Nov-2023","243000","Physical Inspection"
"42","Normal/Others","WS/MP839/2023-2024/25917-Lighting of public spaces","Jammu And Kashmir","SHAHJAHANPUR(DISTRICT MAGISTRAE SHAHJAHANAPUR_IDA)","Shri Gulam Ali (2022-28) (2022-2028)","Nominated MP","Led high mask with six lights","25-Sep-2023","28-Nov-2023","243000","Physical Inspection"
"43","Normal/Others","WS/MP839/2023-2024/25948-Lighting of public spaces","Jammu And Kashmir","SHAHJAHANPUR(DISTRICT MAGISTRAE SHAHJAHANAPUR_IDA)","Shri Gulam Ali (2022-28) (2022-2028)","Nominated MP","Led high mask with six lights","25-Sep-2023","28-Nov-2023","243000","Physical Inspection"
"44","Normal/Others","WS/MP839/2023-2024/25953-Lighting of public spaces","Jammu And Kashmir","SHAHJAHANPUR(DISTRICT MAGISTRAE SHAHJAHANAPUR_IDA)","Shri Gulam Ali (2022-28) (2022-2028)","Nominated MP","Led high mask with six lights","25-Sep-2023","28-Nov-2023","243000","Physical Inspection"
"45","Normal/Others","WS/MP839/2023-2024/25954-Lighting of public spaces","Jammu And Kashmir","SHAHJAHANPUR(DISTRICT MAGISTRAE SHAHJAHANAPUR_IDA)","Shri Gulam Ali (2022-28) (2022-2028)","Nominated MP","Led high mask with six lights","25-Sep-2023","28-Nov-2023","243000","Physical Inspection"
"46","Normal/Others","WS/MP839/2023-2024/27493-Lighting of public spaces","Jammu And Kashmir","SHAHJAHANPUR(DISTRICT MAGISTRAE SHAHJAHANAPUR_IDA)","Shri Gulam Ali (2022-28) (2022-2028)","Nominated MP","Led high mask with six lights","27-Sep-2023","28-Nov-2023","243000","Physical Inspection"
"47","Normal/Others","WS/MP839/2023-2024/27509-Lighting of public spaces","Jammu And Kashmir","SHAHJAHANPUR(DISTRICT MAGISTRAE SHAHJAHANAPUR_IDA)","Shri Gulam Ali (2022-28) (2022-2028)","Nominated MP","Led high mask with six lights","27-Sep-2023","28-Nov-2023","243000","Physical Inspection"
"48","Normal/Others","WS/MP839/2023-2024/27510-Lighting of public spaces","Jammu And Kashmir","SHAHJAHANPUR(DISTRICT MAGISTRAE SHAHJAHANAPUR_IDA)","Shri Gulam Ali (2022-28) (2022-2028)","Nominated MP","Led high mask with six lights","27-Sep-2023","28-Nov-2023","243000","Physical Inspection"
"49","Normal/Others","WS/MP839/2023-2024/27512-Lighting of public spaces","Jammu And Kashmir","SHAHJAHANPUR(DISTRICT MAGISTRAE SHAHJAHANAPUR_IDA)","Shri Gulam Ali (2022-28) (2022-2028)","Nominated MP","Led high mask with six lights","27-Sep-2023","28-Nov-2023","243000","Physical Inspection"
"50","Normal/Others","WS/MP839/2023-2024/27515-Lighting of public spaces","Jammu And Kashmir","SHAHJAHANPUR(DISTRICT MAGISTRAE SHAHJAHANAPUR_IDA)","Shri Gulam Ali (2022-28) (2022-2028)","Nominated MP","Led high mask with six lights","27-Sep-2023","28-Nov-2023","243000","Physical Inspection"
"51","Normal/Others","WS/MP839/2023-2024/27517-Lighting of public spaces","Jammu And Kashmir","SHAHJAHANPUR(DISTRICT MAGISTRAE SHAHJAHANAPUR_IDA)","Shri Gulam Ali (2022-28) (2022-2028)","Nominated MP","Led high mask with six lights","27-Sep-2023","28-Nov-2023","243000","Physical Inspection"
"52","Normal/Others","WS/MP839/2023-2024/27524-Lighting of public spaces","Jammu And Kashmir","SHAHJAHANPUR(DISTRICT MAGISTRAE SHAHJAHANAPUR_IDA)","Shri Gulam Ali (2022-28) (2022-2028)","Nominated MP","Led high mask with six lights","27-Sep-2023","28-Nov-2023","243000","Physical Inspection"
"53","Normal/Others","WS/MP839/2023-2024/27553-Lighting of public spaces","Jammu And Kashmir","SHAHJAHANPUR(DISTRICT MAGISTRAE SHAHJAHANAPUR_IDA)","Shri Gulam Ali (2022-28) (2022-2028)","Nominated MP","Led high mask with six lights","27-Sep-2023","28-Nov-2023","243000","Physical Inspection"
"54","Normal/Others","WS/MP839/2023-2024/27555-Lighting of public spaces","Jammu And Kashmir","SHAHJAHANPUR(DISTRICT MAGISTRAE SHAHJAHANAPUR_IDA)","Shri Gulam Ali (2022-28) (2022-2028)","Nominated MP","Led high mask with six lights","27-Sep-2023","28-Nov-2023","243000","Physical Inspection"
"55","Normal/Others","WS/MP839/2023-2024/33830-Lighting of public spaces","Jammu And Kashmir","SHAHJAHANPUR(DISTRICT MAGISTRAE SHAHJAHANAPUR_IDA)","Shri Gulam Ali (2022-28) (2022-2028)","Nominated MP","HIGH MASK LED LIGHT NEAR   HOUSE OF SHRI GURUDEV SINGH","07-Oct-2023","28-Nov-2023","243000","Physical Inspection"
"56","Normal/Others","WS/MP839/2023-2024/33831-Lighting of public spaces","Jammu And Kashmir","SHAHJAHANPUR(DISTRICT MAGISTRAE SHAHJAHANAPUR_IDA)","Shri Gulam Ali (2022-28) (2022-2028)","Nominated MP","HIGH MASK LED LIGHT NEAR HOUSE OF SARJAN SINGH","07-Oct-2023","28-Nov-2023","243000","Physical Inspection"
"57","Normal/Others","WS/MP839/2023-2024/33832-Lighting of public spaces","Jammu And Kashmir","SHAHJAHANPUR(DISTRICT MAGISTRAE SHAHJAHANAPUR_IDA)","Shri Gulam Ali (2022-28) (2022-2028)","Nominated MP","HIGH MASK LED LIGHT NEAR HOUSE OF SADHU SINGH","07-Oct-2023","28-Nov-2023","243000","Physical Inspection"
"58","Normal/Others","WS/MP839/2023-2024/33833-Lighting of public spaces","Jammu And Kashmir","SHAHJAHANPUR(DISTRICT MAGISTRAE SHAHJAHANAPUR_IDA)","Shri Gulam Ali (2022-28) (2022-2028)","Nominated MP","HIGH MASK LED LIGHT NEAR HOUSE OF shri charan singh","07-Oct-2023","28-Nov-2023","243000","Physical Inspection"
"59","Normal/Others","WS/MP839/2023-2024/33834-Lighting of public spaces","Jammu And Kashmir","SHAHJAHANPUR(DISTRICT MAGISTRAE SHAHJAHANAPUR_IDA)","Shri Gulam Ali (2022-28) (2022-2028)","Nominated MP","HIGH MASK LED LIGHT NEAR  HP petrol pump","07-Oct-2023","28-Nov-2023","243000","Physical Inspection"
"60","Normal/Others","WS/MP839/2023-2024/33835-Lighting of public spaces","Jammu And Kashmir","SHAHJAHANPUR(DISTRICT MAGISTRAE SHAHJAHANAPUR_IDA)","Shri Gulam Ali (2022-28) (2022-2028)","Nominated MP","HIGH MASK LED LIGHT NEAR HOUSE OF narender kaur","07-Oct-2023","28-Nov-2023","243000","Physical Inspection"
"61","Normal/Others","WS/MP839/2023-2024/33836-Lighting of public spaces","Jammu And Kashmir","SHAHJAHANPUR(DISTRICT MAGISTRAE SHAHJAHANAPUR_IDA)","Shri Gulam Ali (2022-28) (2022-2028)","Nominated MP","HIGH MASK LED LIGHT NEAR HOUSE OF  manjinder singh","07-Oct-2023","28-Nov-2023","243000","Physical Inspection"
"62","Normal/Others","WS/MP839/2023-2024/33837-Lighting of public spaces","Jammu And Kashmir","SHAHJAHANPUR(DISTRICT MAGISTRAE SHAHJAHANAPUR_IDA)","Shri Gulam Ali (2022-28) (2022-2028)","Nominated MP","HIGH MASK LED LIGHT NEAR HOUSE OF jaspal singh","07-Oct-2023","28-Nov-2023","243000","Physical Inspection"
"63","Normal/Others","WS/MP839/2023-2024/33838-Lighting of public spaces","Jammu And Kashmir","SHAHJAHANPUR(DISTRICT MAGISTRAE SHAHJAHANAPUR_IDA)","Shri Gulam Ali (2022-28) (2022-2028)","Nominated MP","HIGH MASK LED LIGHT NEAR HOUSE OF gurdeep singh","07-Oct-2023","28-Nov-2023","243000","Physical Inspection"
"64","Normal/Others","WS/MP839/2023-2024/33839-Lighting of public spaces","Jammu And Kashmir","SHAHJAHANPUR(DISTRICT MAGISTRAE SHAHJAHANAPUR_IDA)","Shri Gulam Ali (2022-28) (2022-2028)","Nominated MP","HIGH MASK LED LIGHT NEAR HOUSE OF inderjeet singh","07-Oct-2023","28-Nov-2023","243000","Physical Inspection"
"65","Normal/Others","WS/MP839/2023-2024/33840-Lighting of public spaces","Jammu And Kashmir","SHAHJAHANPUR(DISTRICT MAGISTRAE SHAHJAHANAPUR_IDA)","Shri Gulam Ali (2022-28) (2022-2028)","Nominated MP","HIGH MASK LED LIGHT NEAR HOUSE OF  Darshan Singh","07-Oct-2023","28-Nov-2023","243000","Physical Inspection"
"66","Normal/Others","WS/MP839/2023-2024/33841-Lighting of public spaces","Jammu And Kashmir","SHAHJAHANPUR(DISTRICT MAGISTRAE SHAHJAHANAPUR_IDA)","Shri Gulam Ali (2022-28) (2022-2028)","Nominated MP","HIGH MASK LED LIGHT NEAR HOUSE OF  kuldeep singh","07-Oct-2023","28-Nov-2023","243000","Physical Inspection"
"67","Normal/Others","WS/MP839/2023-2024/33842-Lighting of public spaces","Jammu And Kashmir","SHAHJAHANPUR(DISTRICT MAGISTRAE SHAHJAHANAPUR_IDA)","Shri Gulam Ali (2022-28) (2022-2028)","Nominated MP","HIGH MASK LED LIGHT NEAR HOUSE OF parmeet singh","07-Oct-2023","28-Nov-2023","243000","Physical Inspection"
"68","Normal/Others","WS/MP839/2023-2024/33843-Lighting of public spaces","Jammu And Kashmir","SHAHJAHANPUR(DISTRICT MAGISTRAE SHAHJAHANAPUR_IDA)","Shri Gulam Ali (2022-28) (2022-2028)","Nominated MP","HIGH MASK LED LIGHT NEAR HOUSE OF  shri kuldep kaur","07-Oct-2023","28-Nov-2023","243000","Physical Inspection"
"69","Normal/Others","WS/MP839/2023-2024/33844-Lighting of public spaces","Jammu And Kashmir","SHAHJAHANPUR(DISTRICT MAGISTRAE SHAHJAHANAPUR_IDA)","Shri Gulam Ali (2022-28) (2022-2028)","Nominated MP","HIGH MASK LED LIGHT NEAR HOUSE OF shri harjinder singh","07-Oct-2023","28-Nov-2023","243000","Physical Inspection"
"70","Normal/Others","WS/MP839/2023-2024/33889-Lighting of public spaces","Jammu And Kashmir","SHAHJAHANPUR(DISTRICT MAGISTRAE SHAHJAHANAPUR_IDA)","Shri Gulam Ali (2022-28) (2022-2028)","Nominated MP","LED HIGH MASK LIGHT  NEAR HOUSE OF shrI JAGJEET SINGH","07-Oct-2023","23-Nov-2023","243000","Physical Inspection"
"71","Normal/Others","WS/MP839/2023-2024/33890-Lighting of public spaces","Jammu And Kashmir","SHAHJAHANPUR(DISTRICT MAGISTRAE SHAHJAHANAPUR_IDA)","Shri Gulam Ali (2022-28) (2022-2028)","Nominated MP","LED HIGH MASK LIGHT NEAR PAULTRY FIRM SHRI NARESH BABU SAXENA","07-Oct-2023","23-Nov-2023","243000","Physical Inspection"
"72","Normal/Others","WS/MP839/2023-2024/33891-Lighting of public spaces","Jammu And Kashmir","SHAHJAHANPUR(DISTRICT MAGISTRAE SHAHJAHANAPUR_IDA)","Shri Gulam Ali (2022-28) (2022-2028)","Nominated MP","LED HIGH MASK LIGHT NEAR H P PETROL PUMP","07-Oct-2023","23-Nov-2023","243000","Physical Inspection"
"73","Normal/Others","WS/MP839/2023-2024/33892-Lighting of public spaces","Jammu And Kashmir","SHAHJAHANPUR(DISTRICT MAGISTRAE SHAHJAHANAPUR_IDA)","Shri Gulam Ali (2022-28) (2022-2028)","Nominated MP","LED HIGH MASK LIGHT NEAR HOUSE OF SHRI MANJEET SINGH","07-Oct-2023","23-Nov-2023","243000","Physical Inspection"
"74","Normal/Others","WS/MP839/2023-2024/33893-Lighting of public spaces","Jammu And Kashmir","SHAHJAHANPUR(DISTRICT MAGISTRAE SHAHJAHANAPUR_IDA)","Shri Gulam Ali (2022-28) (2022-2028)","Nominated MP","LED HIGH MASK LIGHT NEAR HOUSE OF SHRI JASPREET SINGH","07-Oct-2023","28-Nov-2023","243000","Physical Inspection"
"75","Normal/Others","WS/MP839/2023-2024/33894-Lighting of public spaces","Jammu And Kashmir","SHAHJAHANPUR(DISTRICT MAGISTRAE SHAHJAHANAPUR_IDA)","Shri Gulam Ali (2022-28) (2022-2028)","Nominated MP","LED HIGH MASK LIGHT  NEAR  CITY PARK","07-Oct-2023","23-Nov-2023","243000","Physical Inspection"
"76","Normal/Others","WS/MP839/2023-2024/33895-Lighting of public spaces","Jammu And Kashmir","SHAHJAHANPUR(DISTRICT MAGISTRAE SHAHJAHANAPUR_IDA)","Shri Gulam Ali (2022-28) (2022-2028)","Nominated MP","LED HIGH MASK LIGHT NEAR CITY PARK HOUSE NO. A-91","07-Oct-2023","23-Nov-2023","243000","Physical Inspection"
"77","Normal/Others","WS/MP839/2023-2024/33896-Lighting of public spaces","Jammu And Kashmir","SHAHJAHANPUR(DISTRICT MAGISTRAE SHAHJAHANAPUR_IDA)","Shri Gulam Ali (2022-28) (2022-2028)","Nominated MP","LED HIGH MASK LIGHT NEAR CITY PARK HOUSE NO. B-22","07-Oct-2023","23-Nov-2023","243000","Physical Inspection"
"78","Normal/Others","WS/MP839/2023-2024/33897-Lighting of public spaces","Jammu And Kashmir","SHAHJAHANPUR(DISTRICT MAGISTRAE SHAHJAHANAPUR_IDA)","Shri Gulam Ali (2022-28) (2022-2028)","Nominated MP","LED HIGH MASK LIGHT NEAR CITY PARK HOUSE NO. B-79","07-Oct-2023","23-Nov-2023","243000","Physical Inspection"
"79","Normal/Others","WS/MP839/2023-2024/33898-Lighting of public spaces","Jammu And Kashmir","SHAHJAHANPUR(DISTRICT MAGISTRAE SHAHJAHANAPUR_IDA)","Shri Gulam Ali (2022-28) (2022-2028)","Nominated MP","LED HIGH MASK LIGHT NEAR CITY PARK HOUSE NO. B-37","07-Oct-2023","23-Nov-2023","243000","Physical Inspection"
"80","Normal/Others","WS/MP839/2023-2024/33899-Lighting of public spaces","Jammu And Kashmir","SHAHJAHANPUR(DISTRICT MAGISTRAE SHAHJAHANAPUR_IDA)","Shri Gulam Ali (2022-28) (2022-2028)","Nominated MP","LED HIGH MASK LIGHT NEAR CITY PARK HOUSE NO. B-32","07-Oct-2023","23-Nov-2023","243000","Physical Inspection"
"81","Normal/Others","WS/MP839/2023-2024/33900-Lighting of public spaces","Jammu And Kashmir","SHAHJAHANPUR(DISTRICT MAGISTRAE SHAHJAHANAPUR_IDA)","Shri Gulam Ali (2022-28) (2022-2028)","Nominated MP","LED HIGH MASK LIGHT NEAR CITY PARK HOUSE NO. B-44","07-Oct-2023","23-Nov-2023","243000","Physical Inspection"
"82","Normal/Others","WS/MP839/2023-2024/33901-Lighting of public spaces","Jammu And Kashmir","SHAHJAHANPUR(DISTRICT MAGISTRAE SHAHJAHANAPUR_IDA)","Shri Gulam Ali (2022-28) (2022-2028)","Nominated MP","LED HIGH MASK LIGHT NEAR CITY PARK HOUSE NO. C-104","07-Oct-2023","23-Nov-2023","243000","Physical Inspection"
"83","Normal/Others","WS/MP839/2023-2024/33902-Lighting of public spaces","Jammu And Kashmir","SHAHJAHANPUR(DISTRICT MAGISTRAE SHAHJAHANAPUR_IDA)","Shri Gulam Ali (2022-28) (2022-2028)","Nominated MP","LED HIGH MASK LIGHT NEAR CITY PARK HOUSE NO. A-34/2","07-Oct-2023","23-Nov-2023","243000","Physical Inspection"
"84","Normal/Others","WS/MP839/2023-2024/33903-Lighting of public spaces","Jammu And Kashmir","SHAHJAHANPUR(DISTRICT MAGISTRAE SHAHJAHANAPUR_IDA)","Shri Gulam Ali (2022-28) (2022-2028)","Nominated MP","LED HIGH MASK LIGHT NEAR CITY PARK HOUSE NO. A/117","07-Oct-2023","23-Nov-2023","243000","Physical Inspection"
"85","Normal/Others","WS/MP839/2023-2024/33904-Lighting of public spaces","Jammu And Kashmir","SHAHJAHANPUR(DISTRICT MAGISTRAE SHAHJAHANAPUR_IDA)","Shri Gulam Ali (2022-28) (2022-2028)","Nominated MP","LED HIGH MASK LIGHT NEAR CITY PARK HOUSE NO. A/21","07-Oct-2023","23-Nov-2023","243000","Physical Inspection"
"86","Normal/Others","WS/MP839/2023-2024/33905-Lighting of public spaces","Jammu And Kashmir","SHAHJAHANPUR(DISTRICT MAGISTRAE SHAHJAHANAPUR_IDA)","Shri Gulam Ali (2022-28) (2022-2028)","Nominated MP","LED HIGH MASK LIGHT NEAR CITY PARK HOUSE NO. E-10","07-Oct-2023","23-Nov-2023","243000","Physical Inspection"
"87","Normal/Others","WS/MP839/2023-2024/33906-Lighting of public spaces","Jammu And Kashmir","SHAHJAHANPUR(DISTRICT MAGISTRAE SHAHJAHANAPUR_IDA)","Shri Gulam Ali (2022-28) (2022-2028)","Nominated MP","LED HIGH MASK LIGHT NEAR CITY PARK HOUSE NO. B-14","07-Oct-2023","23-Nov-2023","243000","Physical Inspection"
"88","Normal/Others","WS/MP839/2023-2024/33907-Lighting of public spaces","Jammu And Kashmir","SHAHJAHANPUR(DISTRICT MAGISTRAE SHAHJAHANAPUR_IDA)","Shri Gulam Ali (2022-28) (2022-2028)","Nominated MP","LED HIGH MASK LIGHT NEAR CITY PARK HOUSE NO. E-91","07-Oct-2023","23-Nov-2023","243000","Physical Inspection"
"89","Normal/Others","WS/MP839/2023-2024/33908-Lighting of public spaces","Jammu And Kashmir","SHAHJAHANPUR(DISTRICT MAGISTRAE SHAHJAHANAPUR_IDA)","Shri Gulam Ali (2022-28) (2022-2028)","Nominated MP","LED HIGH MASK LIGHT NEAR DURGA MILL RTGHT SIDE","07-Oct-2023","23-Nov-2023","243000","Physical Inspection"
"90","Normal/Others","WS/MP839/2023-2024/33909-Lighting of public spaces","Jammu And Kashmir","SHAHJAHANPUR(DISTRICT MAGISTRAE SHAHJAHANAPUR_IDA)","Shri Gulam Ali (2022-28) (2022-2028)","Nominated MP","LED HIGH MASK LIGHT NEAR DURGA MILL LEFT SIDE","07-Oct-2023","23-Nov-2023","243000","Physical Inspection"
"91","Normal/Others","WS/MP839/2023-2024/33910-Lighting of public spaces","Jammu And Kashmir","SHAHJAHANPUR(DISTRICT MAGISTRAE SHAHJAHANAPUR_IDA)","Shri Gulam Ali (2022-28) (2022-2028)","Nominated MP","LED HIGH MASK LIGHT NEAR DURGA MILL NORTH SIDE","07-Oct-2023","23-Nov-2023","243000","Physical Inspection"
"92","Normal/Others","WS/MP839/2023-2024/33911-Lighting of public spaces","Jammu And Kashmir","SHAHJAHANPUR(DISTRICT MAGISTRAE SHAHJAHANAPUR_IDA)","Shri Gulam Ali (2022-28) (2022-2028)","Nominated MP","LED HIGH MASK LIGHT NEAR HOUSE OF shrI MUKESH KUMAR","07-Oct-2023","23-Nov-2023","243000","Physical Inspection"
"93","Normal/Others","WS/MP839/2023-2024/33930-Lighting of public spaces","Jammu And Kashmir","SHAHJAHANPUR(DISTRICT MAGISTRAE SHAHJAHANAPUR_IDA)","Shri Gulam Ali (2022-28) (2022-2028)","Nominated MP","LED HIGHMASK LIGHT NEAR MAA PUNA GIRI BATTERY RIKSHAW SHOWROOM LEFT SIDE","07-Oct-2023","23-Nov-2023","243000","Physical Inspection"
"94","Normal/Others","WS/MP839/2023-2024/33931-Lighting of public spaces","Jammu And Kashmir","SHAHJAHANPUR(DISTRICT MAGISTRAE SHAHJAHANAPUR_IDA)","Shri Gulam Ali (2022-28) (2022-2028)","Nominated MP","LED HIGHMASK LIGHT NEAR MAA PUNA GIRI BATTERY RIKSHAW SHOWROOM RIGHT  SIDE","07-Oct-2023","23-Nov-2023","243000","Physical Inspection"
"95","Normal/Others","WS/MP839/2023-2024/33932-Lighting of public spaces","Jammu And Kashmir","SHAHJAHANPUR(DISTRICT MAGISTRAE SHAHJAHANAPUR_IDA)","Shri Gulam Ali (2022-28) (2022-2028)","Nominated MP","LED HIGHMASK LIGHT NEAR MAA PUNA GIRI BATTERY RIKSHAW SHOWROOM NORTH SIDE","07-Oct-2023","23-Nov-2023","243000","Physical Inspection"
"96","Normal/Others","WS/MP839/2023-2024/33933-Lighting of public spaces","Jammu And Kashmir","SHAHJAHANPUR(DISTRICT MAGISTRAE SHAHJAHANAPUR_IDA)","Shri Gulam Ali (2022-28) (2022-2028)","Nominated MP","LED HIGHMASK LIGHT NEAR MAA PUNA GIRI BATTERY RIKSHAW SHOWROOM SOUTH SIDE","07-Oct-2023","23-Nov-2023","243000","Physical Inspection"
"97","Normal/Others","WS/MP839/2023-2024/33934-Lighting of public spaces","Jammu And Kashmir","SHAHJAHANPUR(DISTRICT MAGISTRAE SHAHJAHANAPUR_IDA)","Shri Gulam Ali (2022-28) (2022-2028)","Nominated MP","LED HIGHMASK LIGHT NEARK R PAPER MILL ROAD GURUDWARA FRONT  SIDE","07-Oct-2023","23-Nov-2023","243000","Physical Inspection"
"98","Normal/Others","WS/MP839/2023-2024/33935-Lighting of public spaces","Jammu And Kashmir","SHAHJAHANPUR(DISTRICT MAGISTRAE SHAHJAHANAPUR_IDA)","Shri Gulam Ali (2022-28) (2022-2028)","Nominated MP","LED HIGHMASK LIGHT NEAR K R PAPER MILL ROAD GURUDWARA FRONTLEFT  SIDE","07-Oct-2023","23-Nov-2023","243000","Physical Inspection"
"99","Normal/Others","WS/MP839/2023-2024/33936-Lighting of public spaces","Jammu And Kashmir","SHAHJAHANPUR(DISTRICT MAGISTRAE SHAHJAHANAPUR_IDA)","Shri Gulam Ali (2022-28) (2022-2028)","Nominated MP","LED HIGHMASK LIGHT NEAR K R PAPER MILL ROAD GURUDWARA  RIGHT   SIDE","07-Oct-2023","23-Nov-2023","243000","Physical Inspection"
"100","Normal/Others","WS/MP839/2023-2024/33937-Lighting of public spaces","Jammu And Kashmir","SHAHJAHANPUR(DISTRICT MAGISTRAE SHAHJAHANAPUR_IDA)","Shri Gulam Ali (2022-28) (2022-2028)","Nominated MP","LED HIGHMASK LIGHT NEAR K R PAPER MILL CHAKMARG LEFT SIDE","07-Oct-2023","23-Nov-2023","243000","Physical Inspection"
"101","Normal/Others","WS/MP839/2023-2024/33938-Lighting of public spaces","Jammu And Kashmir","SHAHJAHANPUR(DISTRICT MAGISTRAE SHAHJAHANAPUR_IDA)","Shri Gulam Ali (2022-28) (2022-2028)","Nominated MP","LED HIGHMASK LIGHT NEAR K R PAPER MILL CHAKMARG RIGHT SIDE","07-Oct-2023","23-Nov-2023","243000","Physical Inspection"
"102","Normal/Others","WS/MP839/2023-2024/33939-Lighting of public spaces","Jammu And Kashmir","SHAHJAHANPUR(DISTRICT MAGISTRAE SHAHJAHANAPUR_IDA)","Shri Gulam Ali (2022-28) (2022-2028)","Nominated MP","LED HIGHMASK LIGHT NEAR HOUSE OF AVDHESH KUMAR YADAV","07-Oct-2023","23-Nov-2023","243000","Physical Inspection"
"103","Normal/Others","WS/MP839/2023-2024/33940-Lighting of public spaces","Jammu And Kashmir","SHAHJAHANPUR(DISTRICT MAGISTRAE SHAHJAHANAPUR_IDA)","Shri Gulam Ali (2022-28) (2022-2028)","Nominated MP","LED HIGHMASK LIGHT NEAR OF THE DEV STHAN MANDIR","07-Oct-2023","23-Nov-2023","243000","Physical Inspection"
"104","Normal/Others","WS/MP839/2023-2024/33941-Lighting of public spaces","Jammu And Kashmir","SHAHJAHANPUR(DISTRICT MAGISTRAE SHAHJAHANAPUR_IDA)","Shri Gulam Ali (2022-28) (2022-2028)","Nominated MP","LED HIGH MASK LIGHT NEAR HOUSE OF ANMOL SHUKLA","07-Oct-2023","23-Nov-2023","243000","Physical Inspection"
"105","Normal/Others","WS/MP839/2023-2024/33942-Lighting of public spaces","Jammu And Kashmir","SHAHJAHANPUR(DISTRICT MAGISTRAE SHAHJAHANAPUR_IDA)","Shri Gulam Ali (2022-28) (2022-2028)","Nominated MP","LED HIGH MASK LIGHT NEAR HOUSE OF J P MISHRA","07-Oct-2023","23-Nov-2023","243000","Physical Inspection"
"106","Normal/Others","WS/MP839/2023-2024/33943-Lighting of public spaces","Jammu And Kashmir","SHAHJAHANPUR(DISTRICT MAGISTRAE SHAHJAHANAPUR_IDA)","Shri Gulam Ali (2022-28) (2022-2028)","Nominated MP","LED HIGH MASK LIGHT NEAR HOUSE OF  SHIVANSH PANDEY( BANK karmi)","07-Oct-2023","23-Nov-2023","243000","Physical Inspection"
"107","Normal/Others","WS/MP839/2023-2024/33944-Lighting of public spaces","Jammu And Kashmir","SHAHJAHANPUR(DISTRICT MAGISTRAE SHAHJAHANAPUR_IDA)","Shri Gulam Ali (2022-28) (2022-2028)","Nominated MP","LED HIGH MASK LIGHT NEAR VEERANGNA AVANTI BAI MAHA VIDYALAYA","07-Oct-2023","23-Nov-2023","243000","Physical Inspection"
"108","Normal/Others","WS/MP839/2023-2024/33945-Lighting of public spaces","Jammu And Kashmir","SHAHJAHANPUR(DISTRICT MAGISTRAE SHAHJAHANAPUR_IDA)","Shri Gulam Ali (2022-28) (2022-2028)","Nominated MP","LED HIGH MASK LIGHT NEAR VEDWATI KANYA INTER COLLEGE","07-Oct-2023","23-Nov-2023","243000","Physical Inspection"
"109","Normal/Others","WS/MP839/2023-2024/33946-Lighting of public spaces","Jammu And Kashmir","SHAHJAHANPUR(DISTRICT MAGISTRAE SHAHJAHANAPUR_IDA)","Shri Gulam Ali (2022-28) (2022-2028)","Nominated MP","LED HIGH MASK LIGHT NEAR KAHELIA PUBLIC SCHOOL","07-Oct-2023","23-Nov-2023","243000","Physical Inspection"
"110","Normal/Others","WS/MP839/2023-2024/33947-Lighting of public spaces","Jammu And Kashmir","SHAHJAHANPUR(DISTRICT MAGISTRAE SHAHJAHANAPUR_IDA)","Shri Gulam Ali (2022-28) (2022-2028)","Nominated MP","LED HIGH MASK LIGHT NEAR OF HOUSE OF UDHO LAL VERMA","07-Oct-2023","23-Nov-2023","243000","Physical Inspection"
"111","Normal/Others","WS/MP839/2023-2024/33948-Lighting of public spaces","Jammu And Kashmir","SHAHJAHANPUR(DISTRICT MAGISTRAE SHAHJAHANAPUR_IDA)","Shri Gulam Ali (2022-28) (2022-2028)","Nominated MP","LED HIGH MASK LIGHT NEAR OF HOUSE OF AVINASH VERMA","07-Oct-2023","23-Nov-2023","243000","Physical Inspection"
"112","Normal/Others","WS/MP839/2023-2024/33949-Lighting of public spaces","Jammu And Kashmir","SHAHJAHANPUR(DISTRICT MAGISTRAE SHAHJAHANAPUR_IDA)","Shri Gulam Ali (2022-28) (2022-2028)","Nominated MP","LED HIGH MASK LIGHT NEAR OF HOUSE OF GANGESWAR DHANUKA","07-Oct-2023","23-Nov-2023","243000","Physical Inspection"
"113","Normal/Others","WS/MP839/2023-2024/34048-Lighting of public spaces","Jammu And Kashmir","SHAHJAHANPUR(DISTRICT MAGISTRAE SHAHJAHANAPUR_IDA)","Shri Gulam Ali (2022-28) (2022-2028)","Nominated MP","LED HIGH MASK LIGHT NEAR OF HOUSE OF ASHISH KUMAR VERMA","07-Oct-2023","23-Nov-2023","243000","Physical Inspection"
"114","Normal/Others","WS/MP839/2023-2024/34049-Lighting of public spaces","Jammu And Kashmir","SHAHJAHANPUR(DISTRICT MAGISTRAE SHAHJAHANAPUR_IDA)","Shri Gulam Ali (2022-28) (2022-2028)","Nominated MP","LED HIGH MASK LIGHT NEAR OF HOUSE OF KISHAN VERMA","07-Oct-2023","23-Nov-2023","243000","Physical Inspection"
"115","Normal/Others","WS/MP839/2023-2024/34050-Lighting of public spaces","Jammu And Kashmir","SHAHJAHANPUR(DISTRICT MAGISTRAE SHAHJAHANAPUR_IDA)","Shri Gulam Ali (2022-28) (2022-2028)","Nominated MP","LED HIGH MASK LIGHT NEAR OF HOUSE OFSUMIT TIWARI","07-Oct-2023","23-Nov-2023","243000","Physical Inspection"
"116","Normal/Others","WS/MP839/2023-2024/34051-Lighting of public spaces","Jammu And Kashmir","SHAHJAHANPUR(DISTRICT MAGISTRAE SHAHJAHANAPUR_IDA)","Shri Gulam Ali (2022-28) (2022-2028)","Nominated MP","LED HIGH MASK LIGHT NEAR OF HOUSE OF PREM KUMAR VERMA","07-Oct-2023","23-Nov-2023","243000","Physical Inspection"
"117","Normal/Others","WS/MP839/2023-2024/34052-Lighting of public spaces","Jammu And Kashmir","SHAHJAHANPUR(DISTRICT MAGISTRAE SHAHJAHANAPUR_IDA)","Shri Gulam Ali (2022-28) (2022-2028)","Nominated MP","LED HIGH MASK LIGHT NEAR OF HOUSE OF PREM PRAKASH KUSHWAHA","07-Oct-2023","23-Nov-2023","243000","Physical Inspection"
"118","Normal/Others","WS/MP839/2023-2024/34053-Lighting of public spaces","Jammu And Kashmir","SHAHJAHANPUR(DISTRICT MAGISTRAE SHAHJAHANAPUR_IDA)","Shri Gulam Ali (2022-28) (2022-2028)","Nominated MP","LED HIGH MASK LIGHT NEAR HOUSE OF RUPESH PANDEY","07-Oct-2023","23-Nov-2023","243000","Physical Inspection"
"119","Normal/Others","WS/MP839/2023-2024/34054-Lighting of public spaces","Jammu And Kashmir","SHAHJAHANPUR(DISTRICT MAGISTRAE SHAHJAHANAPUR_IDA)","Shri Gulam Ali (2022-28) (2022-2028)","Nominated MP","LED HIGH MASK LIGH NEAR OF HOUSE OF PREM KUMAR SINGH","07-Oct-2023","23-Nov-2023","243000","Physical Inspection"
"120","Normal/Others","WS/MP839/2023-2024/34055-Lighting of public spaces","Jammu And Kashmir","SHAHJAHANPUR(DISTRICT MAGISTRAE SHAHJAHANAPUR_IDA)","Shri Gulam Ali (2022-28) (2022-2028)","Nominated MP","LED HIGH MASK LIGH NEAR HOUSE OF SHRI DILIP KUMAR VERMA","07-Oct-2023","23-Nov-2023","243000","Physical Inspection"
"121","Normal/Others","WS/MP839/2023-2024/34056-Lighting of public spaces","Jammu And Kashmir","SHAHJAHANPUR(DISTRICT MAGISTRAE SHAHJAHANAPUR_IDA)","Shri Gulam Ali (2022-28) (2022-2028)","Nominated MP","LED HIGH MASK LIGH NEAR HOUSE OF YADU NATH SINGH","07-Oct-2023","23-Nov-2023","243000","Physical Inspection"
"122","Normal/Others","WS/MP839/2023-2024/34057-Lighting of public spaces","Jammu And Kashmir","SHAHJAHANPUR(DISTRICT MAGISTRAE SHAHJAHANAPUR_IDA)","Shri Gulam Ali (2022-28) (2022-2028)","Nominated MP","LED HIGH MASK LIGH NEAR HOUSE OF SUDHIR KUMAR SRIVASTAVA","07-Oct-2023","23-Nov-2023","243000","Physical Inspection"
"123","Normal/Others","WS/MP839/2023-2024/34058-Lighting of public spaces","Jammu And Kashmir","SHAHJAHANPUR(DISTRICT MAGISTRAE SHAHJAHANAPUR_IDA)","Shri Gulam Ali (2022-28) (2022-2028)","Nominated MP","LED HIGH MASK LIGH NEAR HOUSE OF SUDHIR KUMAR SRIVASTAVA","07-Oct-2023","20-Nov-2023","243000","Physical Inspection"
"124","Normal/Others","WS/MP839/2023-2024/34059-Lighting of public spaces","Jammu And Kashmir","SHAHJAHANPUR(DISTRICT MAGISTRAE SHAHJAHANAPUR_IDA)","Shri Gulam Ali (2022-28) (2022-2028)","Nominated MP","LED HIGH MASK LIGH NEAR HOUSE OF SEVA RAM PAL","07-Oct-2023","20-Nov-2023","243000","Physical Inspection"
"125","Normal/Others","WS/MP839/2023-2024/34060-Lighting of public spaces","Jammu And Kashmir","SHAHJAHANPUR(DISTRICT MAGISTRAE SHAHJAHANAPUR_IDA)","Shri Gulam Ali (2022-28) (2022-2028)","Nominated MP","LED HIGH MASK LIGH NEAR HOUSE OF SHRI SHER SINGH YADAV","07-Oct-2023","20-Nov-2023","243000","Physical Inspection"
"126","Normal/Others","WS/MP839/2023-2024/34061-Lighting of public spaces","Jammu And Kashmir","SHAHJAHANPUR(DISTRICT MAGISTRAE SHAHJAHANAPUR_IDA)","Shri Gulam Ali (2022-28) (2022-2028)","Nominated MP","LED HIGH MASK LIGH NEAR HOUSE OF SHRI ABHAY PRATAP SINGH YADAV","07-Oct-2023","20-Nov-2023","243000","Physical Inspection"
"127","Normal/Others","WS/MP839/2023-2024/34062-Lighting of public spaces","Jammu And Kashmir","SHAHJAHANPUR(DISTRICT MAGISTRAE SHAHJAHANAPUR_IDA)","Shri Gulam Ali (2022-28) (2022-2028)","Nominated MP","LED HIGH MASK LIGH NEAR HOUSE OF BHURE YADAV","07-Oct-2023","20-Nov-2023","243000","Physical Inspection"
"128","Normal/Others","WS/MP839/2023-2024/34063-Lighting of public spaces","Jammu And Kashmir","SHAHJAHANPUR(DISTRICT MAGISTRAE SHAHJAHANAPUR_IDA)","Shri Gulam Ali (2022-28) (2022-2028)","Nominated MP","LED HIGH MASK LIGH NEAR HOUSE OF AMAR SINGH YADAV","07-Oct-2023","20-Nov-2023","243000","Physical Inspection"
"129","Normal/Others","WS/MP839/2023-2024/34064-Lighting of public spaces","Jammu And Kashmir","SHAHJAHANPUR(DISTRICT MAGISTRAE SHAHJAHANAPUR_IDA)","Shri Gulam Ali (2022-28) (2022-2028)","Nominated MP","LED HIGH MASK LIGH NEAR HOUSE OF GURU PRASAD","07-Oct-2023","23-Nov-2023","243000","Physical Inspection"
"130","Normal/Others","WS/MP839/2023-2024/34065-Lighting of public spaces","Jammu And Kashmir","SHAHJAHANPUR(DISTRICT MAGISTRAE SHAHJAHANAPUR_IDA)","Shri Gulam Ali (2022-28) (2022-2028)","Nominated MP","LED HIGH MASK LIGH NEAR HOUSE OF JITENDER SINGH","07-Oct-2023","20-Nov-2023","243000","Physical Inspection"
"131","Normal/Others","WS/MP839/2023-2024/34066-Lighting of public spaces","Jammu And Kashmir","SHAHJAHANPUR(DISTRICT MAGISTRAE SHAHJAHANAPUR_IDA)","Shri Gulam Ali (2022-28) (2022-2028)","Nominated MP","LED HIGH MASK LIGH NEAR HOUSE OF GURJAN SINGH","07-Oct-2023","20-Nov-2023","243000","Physical Inspection"
"132","Normal/Others","WS/MP839/2023-2024/34067-Lighting of public spaces","Jammu And Kashmir","SHAHJAHANPUR(DISTRICT MAGISTRAE SHAHJAHANAPUR_IDA)","Shri Gulam Ali (2022-28) (2022-2028)","Nominated MP","LED HIGH MASK LIGH NEAR HOUSE OF SUKHVINDER SINGH","07-Oct-2023","20-Nov-2023","243000","Physical Inspection"
"133","Normal/Others","WS/MP839/2023-2024/34068-Lighting of public spaces","Jammu And Kashmir","SHAHJAHANPUR(DISTRICT MAGISTRAE SHAHJAHANAPUR_IDA)","Shri Gulam Ali (2022-28) (2022-2028)","Nominated MP","LED HIGH MASK LIGH NEAR HOUSE OF GURJEET SINGH","07-Oct-2023","20-Nov-2023","243000","Physical Inspection"
"134","Normal/Others","WS/MP839/2023-2024/34069-Lighting of public spaces","Jammu And Kashmir","SHAHJAHANPUR(DISTRICT MAGISTRAE SHAHJAHANAPUR_IDA)","Shri Gulam Ali (2022-28) (2022-2028)","Nominated MP","LED HIGH MASK LIGH NEAR HOUSE OF KASHMIR SINGH","07-Oct-2023","20-Nov-2023","243000","Physical Inspection"
"135","Normal/Others","WS/MP839/2023-2024/34070-Lighting of public spaces","Jammu And Kashmir","SHAHJAHANPUR(DISTRICT MAGISTRAE SHAHJAHANAPUR_IDA)","Shri Gulam Ali (2022-28) (2022-2028)","Nominated MP","LED HIGH MASK LIGH NEAR HOUSE OF KAMAL DEEP SINGH","07-Oct-2023","20-Nov-2023","243000","Physical Inspection"
"136","Normal/Others","WS/MP839/2023-2024/34100-Lighting of public spaces","Jammu And Kashmir","SHAHJAHANPUR(DISTRICT MAGISTRAE SHAHJAHANAPUR_IDA)","Shri Gulam Ali (2022-28) (2022-2028)","Nominated MP","LED HIGH MASK LIGHT NEAR HOUSE OF MEHAR SINGH","07-Oct-2023","20-Nov-2023","243000","Physical Inspection"
"137","Normal/Others","WS/MP839/2023-2024/34101-Lighting of public spaces","Jammu And Kashmir","SHAHJAHANPUR(DISTRICT MAGISTRAE SHAHJAHANAPUR_IDA)","Shri Gulam Ali (2022-28) (2022-2028)","Nominated MP","LED HIGH MASK LIGHT NEAR HOUSE OF SATNAM SINGH","07-Oct-2023","20-Nov-2023","243000","Physical Inspection"
"138","Normal/Others","WS/MP839/2023-2024/34102-Lighting of public spaces","Jammu And Kashmir","SHAHJAHANPUR(DISTRICT MAGISTRAE SHAHJAHANAPUR_IDA)","Shri Gulam Ali (2022-28) (2022-2028)","Nominated MP","LED HIGH MASK LIGHT NEAR HOUSE OF  BALJEET SINGH","07-Oct-2023","20-Nov-2023","243000","Physical Inspection"
"139","Normal/Others","WS/MP839/2023-2024/34103-Lighting of public spaces","Jammu And Kashmir","SHAHJAHANPUR(DISTRICT MAGISTRAE SHAHJAHANAPUR_IDA)","Shri Gulam Ali (2022-28) (2022-2028)","Nominated MP","LED HIGH MASK LIGHT NEAR HOUSE OF HARDEEP SINGH","07-Oct-2023","20-Nov-2023","243000","Physical Inspection"
"140","Normal/Others","WS/MP839/2023-2024/34104-Lighting of public spaces","Jammu And Kashmir","SHAHJAHANPUR(DISTRICT MAGISTRAE SHAHJAHANAPUR_IDA)","Shri Gulam Ali (2022-28) (2022-2028)","Nominated MP","LED HIGH MASK LIGHT NEAR HOUSE OF ALOK KUMAR","07-Oct-2023","20-Nov-2023","243000","Physical Inspection"
"141","Normal/Others","WS/MP839/2023-2024/34105-Lighting of public spaces","Jammu And Kashmir","SHAHJAHANPUR(DISTRICT MAGISTRAE SHAHJAHANAPUR_IDA)","Shri Gulam Ali (2022-28) (2022-2028)","Nominated MP","LED HIGH MASK LIGHT NEAR HOUSE OF LAKHBEER SINGH","07-Oct-2023","20-Nov-2023","243000","Physical Inspection"
"142","Normal/Others","WS/MP839/2023-2024/34106-Lighting of public spaces","Jammu And Kashmir","SHAHJAHANPUR(DISTRICT MAGISTRAE SHAHJAHANAPUR_IDA)","Shri Gulam Ali (2022-28) (2022-2028)","Nominated MP","LED HIGH MASK LIGHT NEAR HOUSE OF BALJEET SINGH","07-Oct-2023","20-Nov-2023","243000","Physical Inspection"
"143","Normal/Others","WS/MP839/2023-2024/34107-Lighting of public spaces","Jammu And Kashmir","SHAHJAHANPUR(DISTRICT MAGISTRAE SHAHJAHANAPUR_IDA)","Shri Gulam Ali (2022-28) (2022-2028)","Nominated MP","LED HIGH MASK LIGHT NEAR HOUSE OF JAGJEET SINGH","07-Oct-2023","20-Nov-2023","243000","Physical Inspection"
"144","Normal/Others","WS/MP839/2023-2024/34108-Lighting of public spaces","Jammu And Kashmir","SHAHJAHANPUR(DISTRICT MAGISTRAE SHAHJAHANAPUR_IDA)","Shri Gulam Ali (2022-28) (2022-2028)","Nominated MP","LED HIGH MASK LIGHT NEAR HOUSE OF SUKHPREET SINGH","07-Oct-2023","20-Nov-2023","243000","Physical Inspection"
"145","Normal/Others","WS/MP839/2023-2024/34109-Lighting of public spaces","Jammu And Kashmir","SHAHJAHANPUR(DISTRICT MAGISTRAE SHAHJAHANAPUR_IDA)","Shri Gulam Ali (2022-28) (2022-2028)","Nominated MP","LED HIGH MASK LIGHT NEAR HOUSE OF AMAN PREET SINGH","07-Oct-2023","20-Nov-2023","243000","Physical Inspection"
"146","Normal/Others","WS/MP839/2023-2024/34110-Lighting of public spaces","Jammu And Kashmir","SHAHJAHANPUR(DISTRICT MAGISTRAE SHAHJAHANAPUR_IDA)","Shri Gulam Ali (2022-28) (2022-2028)","Nominated MP","LED HIGH MASK LIGHT NEAR HOUSE OF KULBINER SINGH","07-Oct-2023","20-Nov-2023","243000","Physical Inspection"
"147","Normal/Others","WS/MP839/2023-2024/34111-Lighting of public spaces","Jammu And Kashmir","SHAHJAHANPUR(DISTRICT MAGISTRAE SHAHJAHANAPUR_IDA)","Shri Gulam Ali (2022-28) (2022-2028)","Nominated MP","LED HIGH MASK LIGHT NEAR HOUSE OF MAHENDER SINGH","07-Oct-2023","20-Nov-2023","243000","Physical Inspection"
"148","Normal/Others","WS/MP839/2023-2024/34112-Lighting of public spaces","Jammu And Kashmir","SHAHJAHANPUR(DISTRICT MAGISTRAE SHAHJAHANAPUR_IDA)","Shri Gulam Ali (2022-28) (2022-2028)","Nominated MP","LED HIGH MASK LIGHT NEAR HOUSE OF GURVINDER SINGH","07-Oct-2023","20-Nov-2023","243000","Physical Inspection"
"149","Normal/Others","WS/MP839/2023-2024/34113-Lighting of public spaces","Jammu And Kashmir","SHAHJAHANPUR(DISTRICT MAGISTRAE SHAHJAHANAPUR_IDA)","Shri Gulam Ali (2022-28) (2022-2028)","Nominated MP","LED HIGH MASK LIGHT NEAR HOUSE OF HARVINDER SINGH","07-Oct-2023","20-Nov-2023","243000","Physical Inspection"
"150","Normal/Others","WS/MP839/2023-2024/34114-Lighting of public spaces","Jammu And Kashmir","SHAHJAHANPUR(DISTRICT MAGISTRAE SHAHJAHANAPUR_IDA)","Shri Gulam Ali (2022-28) (2022-2028)","Nominated MP","LED HIGH MASK LIGHT NEAR HOUSE OF BALJINDER SINGH","07-Oct-2023","20-Nov-2023","243000","Physical Inspection"
"151","Normal/Others","WS/MP839/2023-2024/34115-Lighting of public spaces","Jammu And Kashmir","SHAHJAHANPUR(DISTRICT MAGISTRAE SHAHJAHANAPUR_IDA)","Shri Gulam Ali (2022-28) (2022-2028)","Nominated MP","LED HIGH MASK LIGHT NEAR HOUSE OF SAMSHER SINGH","07-Oct-2023","20-Nov-2023","243000","Physical Inspection"
"152","Normal/Others","WS/MP839/2023-2024/34116-Lighting of public spaces","Jammu And Kashmir","SHAHJAHANPUR(DISTRICT MAGISTRAE SHAHJAHANAPUR_IDA)","Shri Gulam Ali (2022-28) (2022-2028)","Nominated MP","LED HIGH MASK LIGHT NEAR GURU KRIPA GAS AGENCY","07-Oct-2023","20-Nov-2023","243000","Physical Inspection"
"153","Normal/Others","WS/MP839/2023-2024/34117-Lighting of public spaces","Jammu And Kashmir","SHAHJAHANPUR(DISTRICT MAGISTRAE SHAHJAHANAPUR_IDA)","Shri Gulam Ali (2022-28) (2022-2028)","Nominated MP","LED HIGH MASK LIGHT NEAR HOUSE OF SANJAY KUMAR","07-Oct-2023","20-Nov-2023","243000","Physical Inspection"
"154","Normal/Others","WS/MP839/2023-2024/34138-Lighting of public spaces","Jammu And Kashmir","SHAHJAHANPUR(DISTRICT MAGISTRAE SHAHJAHANAPUR_IDA)","Shri Gulam Ali (2022-28) (2022-2028)","Nominated MP","LED HIGH MASK LIGHT NEAR HOUSE OF KULDEEP PATERKARMOHALLA BAHADUR GANJ","07-Oct-2023","20-Nov-2023","243000","Physical Inspection"
"155","Normal/Others","WS/MP839/2023-2024/34139-Lighting of public spaces","Jammu And Kashmir","SHAHJAHANPUR(DISTRICT MAGISTRAE SHAHJAHANAPUR_IDA)","Shri Gulam Ali (2022-28) (2022-2028)","Nominated MP","LED HIGH MASK LIGHT NEAR HOUSE OF SHRI PRASHANT KHNADELWAL","07-Oct-2023","20-Nov-2023","243000","Physical Inspection"
"156","Normal/Others","WS/MP839/2023-2024/34140-Lighting of public spaces","Jammu And Kashmir","SHAHJAHANPUR(DISTRICT MAGISTRAE SHAHJAHANAPUR_IDA)","Shri Gulam Ali (2022-28) (2022-2028)","Nominated MP","LED HIGH MASK LIGHT NEAR HOUSE OF SHRI SURENDER SINGH","07-Oct-2023","20-Nov-2023","243000","Physical Inspection"
"157","Normal/Others","WS/MP839/2023-2024/34141-Lighting of public spaces","Jammu And Kashmir","SHAHJAHANPUR(DISTRICT MAGISTRAE SHAHJAHANAPUR_IDA)","Shri Gulam Ali (2022-28) (2022-2028)","Nominated MP","LED HIGH MASK LIGHT NEAR HOUSE OF SHRI DILER SINGH","07-Oct-2023","20-Nov-2023","243000","Physical Inspection"
"158","Normal/Others","WS/MP839/2023-2024/34142-Lighting of public spaces","Jammu And Kashmir","SHAHJAHANPUR(DISTRICT MAGISTRAE SHAHJAHANAPUR_IDA)","Shri Gulam Ali (2022-28) (2022-2028)","Nominated MP","LED HIGH MASK LIGHT NEAR HOUSE OF SHRI BARYAM SINGH","07-Oct-2023","20-Nov-2023","243000","Physical Inspection"
"159","Normal/Others","WS/MP839/2023-2024/34143-Lighting of public spaces","Jammu And Kashmir","SHAHJAHANPUR(DISTRICT MAGISTRAE SHAHJAHANAPUR_IDA)","Shri Gulam Ali (2022-28) (2022-2028)","Nominated MP","LED HIGH MASK LIGHT NEAR HOUSE OF SHRI SHUBEG SINGH","07-Oct-2023","20-Nov-2023","243000","Physical Inspection"
"160","Normal/Others","WS/MP839/2023-2024/34161-Lighting of public spaces","Jammu And Kashmir","SHAHJAHANPUR(DISTRICT MAGISTRAE SHAHJAHANAPUR_IDA)","Shri Gulam Ali (2022-28) (2022-2028)","Nominated MP","LED HIGH MASL LIGHT NEAR DEV NARAYAN MANDIR ASHRAM","07-Oct-2023","20-Nov-2023","243000","Physical Inspection"
"161","Normal/Others","WS/MP839/2023-2024/34162-Lighting of public spaces","Jammu And Kashmir","SHAHJAHANPUR(DISTRICT MAGISTRAE SHAHJAHANAPUR_IDA)","Shri Gulam Ali (2022-28) (2022-2028)","Nominated MP","LED HIGH MASK LIGHT NEAR HOUSE OF HARI RAM","07-Oct-2023","20-Nov-2023","243000","Physical Inspection"
"162","Normal/Others","WS/MP839/2023-2024/34163-Lighting of public spaces","Jammu And Kashmir","SHAHJAHANPUR(DISTRICT MAGISTRAE SHAHJAHANAPUR_IDA)","Shri Gulam Ali (2022-28) (2022-2028)","Nominated MP","LED HIGH MASK LIGHT NEAR HOUSE OF BICHE LAL","07-Oct-2023","20-Nov-2023","243000","Physical Inspection"
"163","Normal/Others","WS/MP839/2023-2024/34164-Lighting of public spaces","Jammu And Kashmir","SHAHJAHANPUR(DISTRICT MAGISTRAE SHAHJAHANAPUR_IDA)","Shri Gulam Ali (2022-28) (2022-2028)","Nominated MP","LED HIGH MASK LIGHT NEAR KABRISTAN","07-Oct-2023","20-Nov-2023","243000","Physical Inspection"
"164","Normal/Others","WS/MP839/2023-2024/34165-Lighting of public spaces","Jammu And Kashmir","SHAHJAHANPUR(DISTRICT MAGISTRAE SHAHJAHANAPUR_IDA)","Shri Gulam Ali (2022-28) (2022-2028)","Nominated MP","LED HIGH MASK LIGHT NEAR HOUSE OF CHAKKI SHRI DEEN MOHJAMMAD","07-Oct-2023","20-Nov-2023","243000","Physical Inspection"
"165","Normal/Others","WS/MP839/2023-2024/34166-Lighting of public spaces","Jammu And Kashmir","SHAHJAHANPUR(DISTRICT MAGISTRAE SHAHJAHANAPUR_IDA)","Shri Gulam Ali (2022-28) (2022-2028)","Nominated MP","LED HIGH MASK LIGHT NEAR MASJID","07-Oct-2023","20-Nov-2023","243000","Physical Inspection"
"166","Normal/Others","WS/MP839/2023-2024/34167-Lighting of public spaces","Jammu And Kashmir","SHAHJAHANPUR(DISTRICT MAGISTRAE SHAHJAHANAPUR_IDA)","Shri Gulam Ali (2022-28) (2022-2028)","Nominated MP","LED HIGH MASK LIGHT NEAR HOUSE OF HARVINDER SINGH","07-Oct-2023","20-Nov-2023","243000","Physical Inspection"
"167","Normal/Others","WS/MP839/2023-2024/34168-Lighting of public spaces","Jammu And Kashmir","SHAHJAHANPUR(DISTRICT MAGISTRAE SHAHJAHANAPUR_IDA)","Shri Gulam Ali (2022-28) (2022-2028)","Nominated MP","LED HIGH MASK LIGHT NEAR HOUSE OF NISHANT SINGH","07-Oct-2023","20-Nov-2023","243000","Physical Inspection"
"168","Normal/Others","WS/MP839/2023-2024/34169-Lighting of public spaces","Jammu And Kashmir","SHAHJAHANPUR(DISTRICT MAGISTRAE SHAHJAHANAPUR_IDA)","Shri Gulam Ali (2022-28) (2022-2028)","Nominated MP","LED HIGH MASK LIGHT NEAR HOUSE OF AFSAR ALI KHAN","07-Oct-2023","20-Nov-2023","243000","Physical Inspection"
"169","Normal/Others","WS/MP839/2023-2024/34170-Lighting of public spaces","Jammu And Kashmir","SHAHJAHANPUR(DISTRICT MAGISTRAE SHAHJAHANAPUR_IDA)","Shri Gulam Ali (2022-28) (2022-2028)","Nominated MP","LED HIGH MASK LIGHT NEAR HOUSE OF SHRI UMESH CHANDRA MISHRA","07-Oct-2023","20-Nov-2023","243000","Physical Inspection"
"170","Normal/Others","WS/MP839/2023-2024/34171-Lighting of public spaces","Jammu And Kashmir","SHAHJAHANPUR(DISTRICT MAGISTRAE SHAHJAHANAPUR_IDA)","Shri Gulam Ali (2022-28) (2022-2028)","Nominated MP","LED HIGH MASK LIGHT NEAR HOUSE OF SHRI SACHIN VERMA","07-Oct-2023","20-Nov-2023","243000","Physical Inspection"
"171","Normal/Others","WS/MP839/2023-2024/34172-Lighting of public spaces","Jammu And Kashmir","SHAHJAHANPUR(DISTRICT MAGISTRAE SHAHJAHANAPUR_IDA)","Shri Gulam Ali (2022-28) (2022-2028)","Nominated MP","LED HIGH MASK LIGHT NEAR HOUSE OF SHRI ASHIF","07-Oct-2023","20-Nov-2023","243000","Physical Inspection"
"172","Normal/Others","WS/MP839/2023-2024/101991-Lighting of public spaces","Jammu And Kashmir","PILIBHIT(DISTRICT MAGISTRAE PILIBHIT_IDA)","Shri Gulam Ali (2022-28) (2022-2028)","Nominated MP","SUPPLY AND INSTALLATION OF LED SEMI HIGH MAST AT DIFFERENCE PLACE AT DISTT PILIBHIT AS PER LIST ENCLOSED SERIAL  NO FROM 9 TO 20","09-Feb-2024","06-Mar-2024","3395993","Physical Inspection"
"173","Normal/Others","WS/MP839/2023-2024/102045-Lighting of public spaces","Jammu And Kashmir","PILIBHIT(DISTRICT MAGISTRAE PILIBHIT_IDA)","Shri Gulam Ali (2022-28) (2022-2028)","Nominated MP","SUPPLY AND INSTALLATION OF LED SEMI HIGH MAST AT DIFFERENCE PLACE AT DISTT PILIBHIT AS PER LIST ENCLOSED SERIAL  NO FROM 1 TO 8","09-Feb-2024","06-Mar-2024","2263995","Physical Inspection"
"174","Normal/Others","WS/MP839/2024-2025/134187-Lighting of public spaces","Jammu And Kashmir","SHAHJAHANPUR(DISTRICT MAGISTRAE SHAHJAHANAPUR_IDA)","Shri Gulam Ali (2022-28) (2022-2028)","Nominated MP","supply and installation of led light as pes enclosed list","25-Jul-2024","17-Aug-2024","19925990","Physical Inspection"
"175","Normal/Others","WS/MP839/2024-2025/147849-Lighting of public spaces","Jammu And Kashmir","CHANDAULI(DISTRICT MAGISTRATE CHANDAULI_IDA)","Shri Gulam Ali (2022-28) (2022-2028)","Nominated MP","SUPPLY AND INSTALLATION OF LED SEMI HGHMAST LIGHT AT DIFFERENT BLOCKS AND VILLAGES IN DISTRICT CHANDAULI AS PER LIST ENCLOSED.","17-Oct-2024","09-Nov-2024","20496000","Physical Inspection"
"176","Normal/Others","WS/MP839/2024-2025/174297-Lighting of public spaces","Jammu And Kashmir","SHAHJAHANPUR(DISTRICT MAGISTRAE SHAHJAHANAPUR_IDA)","Shri Gulam Ali (2022-28) (2022-2028)","Nominated MP","Supply And Installation of LED Semi high mast light at 18 different places.","07-Feb-2025","06-Mar-2025","4374000","Physical Inspection"
"177","Normal/Others","WS/MP839/2025-2026/191381-Lighting of public spaces","Jammu And Kashmir","SHAHJAHANPUR(DISTRICT MAGISTRAE SHAHJAHANAPUR_IDA)","Shri Gulam Ali (2022-28) (2022-2028)","Nominated MP","supply and installation of led semi high mast at different places at district shahjahanpur","15-Apr-2025","09-May-2025","21870000","Physical Inspection"
"178","Normal/Others","WS/MP839/2025-2026/222781-Lighting of public spaces","Jammu And Kashmir","BUDAUN(DISTRICT MAGISTRATE BUDAUN_IDA)","Shri Gulam Ali (2022-28) (2022-2028)","Nominated MP","S I OF LED SEMI HIGH MAST LIGHT  AT FOURTY ONE DIFFERENT PLACES","27-Jul-2025","25-Aug-2025","12505000","Physical Inspection"
"179","Normal/Others","WS/MP839/2025-2026/266612-Lighting of public spaces","Jammu And Kashmir","PILIBHIT(DISTRICT MAGISTRAE PILIBHIT_IDA)","Shri Gulam Ali (2022-28) (2022-2028)","Nominated MP","supply and installation of led semi high mast at different 25 places in district pilibhit","05-Feb-2026","09-Mar-2026","7075000","Physical Inspection"
"Grand Total"," "," "," "," "," "," "," "," "," "," ","14,58,39,425"