"Sr. No.","Work Category","Work","State","IDA","Work Description","Hon'ble Members of Parliament","Elected/Nominated","Image","Completion Date","Amount Disbursed ( ₹ )"
"1","Normal/Others","WS/MP839/2023-2024/25883-Lighting of public spaces","Jammu And Kashmir","SHAHJAHANPUR(DISTRICT MAGISTRAE SHAHJAHANAPUR_IDA)","Led High Mask with Six Lights,near the house of sh.Zeeshan khan","Shri Gulam Ali (2022-28) (NaN-NaN)","Elected MP","Images","08-Mar-2024","243000"
"2","Normal/Others","WS/MP839/2023-2024/25884-Lighting of public spaces","Jammu And Kashmir","SHAHJAHANPUR(DISTRICT MAGISTRAE SHAHJAHANAPUR_IDA)","Led high mask with six lights,near Majaar","Shri Gulam Ali (2022-28) (NaN-NaN)","Elected MP","Images","08-Mar-2024","243000"
"3","Normal/Others","WS/MP839/2023-2024/25885-Lighting of public spaces","Jammu And Kashmir","SHAHJAHANPUR(DISTRICT MAGISTRAE SHAHJAHANAPUR_IDA)","Led high mask with six lights,","Shri Gulam Ali (2022-28) (NaN-NaN)","Elected MP","Images","08-Mar-2024","243000"
"4","Normal/Others","WS/MP839/2023-2024/25910-Lighting of public spaces","Jammu And Kashmir","SHAHJAHANPUR(DISTRICT MAGISTRAE SHAHJAHANAPUR_IDA)","Led high mask with six lights","Shri Gulam Ali (2022-28) (NaN-NaN)","Elected MP","Images","08-Mar-2024","243000"
"5","Normal/Others","WS/MP839/2023-2024/25912-Lighting of public spaces","Jammu And Kashmir","SHAHJAHANPUR(DISTRICT MAGISTRAE SHAHJAHANAPUR_IDA)","Led high mask with six lights","Shri Gulam Ali (2022-28) (NaN-NaN)","Elected MP","Images","08-Mar-2024","243000"
"6","Normal/Others","WS/MP839/2023-2024/25915-Lighting of public spaces","Jammu And Kashmir","SHAHJAHANPUR(DISTRICT MAGISTRAE SHAHJAHANAPUR_IDA)","Led high mask with six lights","Shri Gulam Ali (2022-28) (NaN-NaN)","Elected MP","Images","08-Mar-2024","243000"
"7","Normal/Others","WS/MP839/2023-2024/25917-Lighting of public spaces","Jammu And Kashmir","SHAHJAHANPUR(DISTRICT MAGISTRAE SHAHJAHANAPUR_IDA)","Led high mask with six lights","Shri Gulam Ali (2022-28) (NaN-NaN)","Elected MP","Images","08-Mar-2024","243000"
"8","Normal/Others","WS/MP839/2023-2024/25948-Lighting of public spaces","Jammu And Kashmir","SHAHJAHANPUR(DISTRICT MAGISTRAE SHAHJAHANAPUR_IDA)","Led high mask with six lights","Shri Gulam Ali (2022-28) (NaN-NaN)","Elected MP","Images","08-Mar-2024","243000"
"9","Normal/Others","WS/MP839/2023-2024/25953-Lighting of public spaces","Jammu And Kashmir","SHAHJAHANPUR(DISTRICT MAGISTRAE SHAHJAHANAPUR_IDA)","Led high mask with six lights","Shri Gulam Ali (2022-28) (NaN-NaN)","Elected MP","Images","08-Mar-2024","243000"
"10","Normal/Others","WS/MP839/2023-2024/25954-Lighting of public spaces","Jammu And Kashmir","SHAHJAHANPUR(DISTRICT MAGISTRAE SHAHJAHANAPUR_IDA)","Led high mask with six lights","Shri Gulam Ali (2022-28) (NaN-NaN)","Elected MP","Images","08-Mar-2024","243000"
"11","Normal/Others","WS/MP839/2023-2024/27493-Lighting of public spaces","Jammu And Kashmir","SHAHJAHANPUR(DISTRICT MAGISTRAE SHAHJAHANAPUR_IDA)","Led high mask with six lights","Shri Gulam Ali (2022-28) (NaN-NaN)","Elected MP","Images","08-Mar-2024","243000"
"12","Normal/Others","WS/MP839/2023-2024/27509-Lighting of public spaces","Jammu And Kashmir","SHAHJAHANPUR(DISTRICT MAGISTRAE SHAHJAHANAPUR_IDA)","Led high mask with six lights","Shri Gulam Ali (2022-28) (NaN-NaN)","Elected MP","Images","08-Mar-2024","243000"
"13","Normal/Others","WS/MP839/2023-2024/27510-Lighting of public spaces","Jammu And Kashmir","SHAHJAHANPUR(DISTRICT MAGISTRAE SHAHJAHANAPUR_IDA)","Led high mask with six lights","Shri Gulam Ali (2022-28) (NaN-NaN)","Elected MP","Images","08-Mar-2024","243000"
"14","Normal/Others","WS/MP839/2023-2024/27512-Lighting of public spaces","Jammu And Kashmir","SHAHJAHANPUR(DISTRICT MAGISTRAE SHAHJAHANAPUR_IDA)","Led high mask with six lights","Shri Gulam Ali (2022-28) (NaN-NaN)","Elected MP","Images","08-Mar-2024","243000"
"15","Normal/Others","WS/MP839/2023-2024/27515-Lighting of public spaces","Jammu And Kashmir","SHAHJAHANPUR(DISTRICT MAGISTRAE SHAHJAHANAPUR_IDA)","Led high mask with six lights","Shri Gulam Ali (2022-28) (NaN-NaN)","Elected MP","Images","08-Mar-2024","243000"
"16","Normal/Others","WS/MP839/2023-2024/27517-Lighting of public spaces","Jammu And Kashmir","SHAHJAHANPUR(DISTRICT MAGISTRAE SHAHJAHANAPUR_IDA)","Led high mask with six lights","Shri Gulam Ali (2022-28) (NaN-NaN)","Elected MP","Images","08-Mar-2024","243000"
"17","Normal/Others","WS/MP839/2023-2024/27524-Lighting of public spaces","Jammu And Kashmir","SHAHJAHANPUR(DISTRICT MAGISTRAE SHAHJAHANAPUR_IDA)","Led high mask with six lights","Shri Gulam Ali (2022-28) (NaN-NaN)","Elected MP","Images","08-Mar-2024","243000"
"18","Normal/Others","WS/MP839/2023-2024/27553-Lighting of public spaces","Jammu And Kashmir","SHAHJAHANPUR(DISTRICT MAGISTRAE SHAHJAHANAPUR_IDA)","Led high mask with six lights","Shri Gulam Ali (2022-28) (NaN-NaN)","Elected MP","Images","08-Mar-2024","243000"
"19","Normal/Others","WS/MP839/2023-2024/27555-Lighting of public spaces","Jammu And Kashmir","SHAHJAHANPUR(DISTRICT MAGISTRAE SHAHJAHANAPUR_IDA)","Led high mask with six lights","Shri Gulam Ali (2022-28) (NaN-NaN)","Elected MP","Images","08-Mar-2024","243000"
"20","Normal/Others","WS/MP839/2023-2024/33830-Lighting of public spaces","Jammu And Kashmir","SHAHJAHANPUR(DISTRICT MAGISTRAE SHAHJAHANAPUR_IDA)","HIGH MASK LED LIGHT NEAR   HOUSE OF SHRI GURUDEV SINGH","Shri Gulam Ali (2022-28) (NaN-NaN)","Elected MP","Images","08-Mar-2024","243000"
"21","Normal/Others","WS/MP839/2023-2024/33836-Lighting of public spaces","Jammu And Kashmir","SHAHJAHANPUR(DISTRICT MAGISTRAE SHAHJAHANAPUR_IDA)","HIGH MASK LED LIGHT NEAR HOUSE OF  manjinder singh","Shri Gulam Ali (2022-28) (NaN-NaN)","Elected MP","Images","08-Mar-2024","243000"
"22","Normal/Others","WS/MP839/2023-2024/33835-Lighting of public spaces","Jammu And Kashmir","SHAHJAHANPUR(DISTRICT MAGISTRAE SHAHJAHANAPUR_IDA)","HIGH MASK LED LIGHT NEAR HOUSE OF narender kaur","Shri Gulam Ali (2022-28) (NaN-NaN)","Elected MP","Images","08-Mar-2024","243000"
"23","Normal/Others","WS/MP839/2023-2024/33834-Lighting of public spaces","Jammu And Kashmir","SHAHJAHANPUR(DISTRICT MAGISTRAE SHAHJAHANAPUR_IDA)","HIGH MASK LED LIGHT NEAR  HP petrol pump","Shri Gulam Ali (2022-28) (NaN-NaN)","Elected MP","Images","08-Mar-2024","243000"
"24","Normal/Others","WS/MP839/2023-2024/33833-Lighting of public spaces","Jammu And Kashmir","SHAHJAHANPUR(DISTRICT MAGISTRAE SHAHJAHANAPUR_IDA)","HIGH MASK LED LIGHT NEAR HOUSE OF shri charan singh","Shri Gulam Ali (2022-28) (NaN-NaN)","Elected MP","Images","08-Mar-2024","243000"
"25","Normal/Others","WS/MP839/2023-2024/33832-Lighting of public spaces","Jammu And Kashmir","SHAHJAHANPUR(DISTRICT MAGISTRAE SHAHJAHANAPUR_IDA)","HIGH MASK LED LIGHT NEAR HOUSE OF SADHU SINGH","Shri Gulam Ali (2022-28) (NaN-NaN)","Elected MP","Images","08-Mar-2024","243000"
"26","Normal/Others","WS/MP839/2023-2024/33831-Lighting of public spaces","Jammu And Kashmir","SHAHJAHANPUR(DISTRICT MAGISTRAE SHAHJAHANAPUR_IDA)","HIGH MASK LED LIGHT NEAR HOUSE OF SARJAN SINGH","Shri Gulam Ali (2022-28) (NaN-NaN)","Elected MP","Images","08-Mar-2024","243000"
"27","Normal/Others","WS/MP839/2023-2024/33841-Lighting of public spaces","Jammu And Kashmir","SHAHJAHANPUR(DISTRICT MAGISTRAE SHAHJAHANAPUR_IDA)","HIGH MASK LED LIGHT NEAR HOUSE OF  kuldeep singh","Shri Gulam Ali (2022-28) (NaN-NaN)","Elected MP","Images","08-Mar-2024","243000"
"28","Normal/Others","WS/MP839/2023-2024/33840-Lighting of public spaces","Jammu And Kashmir","SHAHJAHANPUR(DISTRICT MAGISTRAE SHAHJAHANAPUR_IDA)","HIGH MASK LED LIGHT NEAR HOUSE OF  Darshan Singh","Shri Gulam Ali (2022-28) (NaN-NaN)","Elected MP","Images","08-Mar-2024","243000"
"29","Normal/Others","WS/MP839/2023-2024/33839-Lighting of public spaces","Jammu And Kashmir","SHAHJAHANPUR(DISTRICT MAGISTRAE SHAHJAHANAPUR_IDA)","HIGH MASK LED LIGHT NEAR HOUSE OF inderjeet singh","Shri Gulam Ali (2022-28) (NaN-NaN)","Elected MP","N/A","08-Mar-2024","243000"
"30","Normal/Others","WS/MP839/2023-2024/33838-Lighting of public spaces","Jammu And Kashmir","SHAHJAHANPUR(DISTRICT MAGISTRAE SHAHJAHANAPUR_IDA)","HIGH MASK LED LIGHT NEAR HOUSE OF gurdeep singh","Shri Gulam Ali (2022-28) (NaN-NaN)","Elected MP","N/A","08-Mar-2024","243000"
"31","Normal/Others","WS/MP839/2023-2024/33837-Lighting of public spaces","Jammu And Kashmir","SHAHJAHANPUR(DISTRICT MAGISTRAE SHAHJAHANAPUR_IDA)","HIGH MASK LED LIGHT NEAR HOUSE OF jaspal singh","Shri Gulam Ali (2022-28) (NaN-NaN)","Elected MP","N/A","08-Mar-2024","243000"
"32","Normal/Others","WS/MP839/2023-2024/33844-Lighting of public spaces","Jammu And Kashmir","SHAHJAHANPUR(DISTRICT MAGISTRAE SHAHJAHANAPUR_IDA)","HIGH MASK LED LIGHT NEAR HOUSE OF shri harjinder singh","Shri Gulam Ali (2022-28) (NaN-NaN)","Elected MP","N/A","08-Mar-2024","243000"
"33","Normal/Others","WS/MP839/2023-2024/33843-Lighting of public spaces","Jammu And Kashmir","SHAHJAHANPUR(DISTRICT MAGISTRAE SHAHJAHANAPUR_IDA)","HIGH MASK LED LIGHT NEAR HOUSE OF  shri kuldep kaur","Shri Gulam Ali (2022-28) (NaN-NaN)","Elected MP","N/A","08-Mar-2024","243000"
"34","Normal/Others","WS/MP839/2023-2024/33842-Lighting of public spaces","Jammu And Kashmir","SHAHJAHANPUR(DISTRICT MAGISTRAE SHAHJAHANAPUR_IDA)","HIGH MASK LED LIGHT NEAR HOUSE OF parmeet singh","Shri Gulam Ali (2022-28) (NaN-NaN)","Elected MP","Images","08-Mar-2024","243000"
"35","Normal/Others","WS/MP839/2023-2024/33893-Lighting of public spaces","Jammu And Kashmir","SHAHJAHANPUR(DISTRICT MAGISTRAE SHAHJAHANAPUR_IDA)","LED HIGH MASK LIGHT NEAR HOUSE OF SHRI JASPREET SINGH","Shri Gulam Ali (2022-28) (NaN-NaN)","Elected MP","Images","08-Mar-2024","243000"
"36","Normal/Others","WS/MP839/2023-2024/33892-Lighting of public spaces","Jammu And Kashmir","SHAHJAHANPUR(DISTRICT MAGISTRAE SHAHJAHANAPUR_IDA)","LED HIGH MASK LIGHT NEAR HOUSE OF SHRI MANJEET SINGH","Shri Gulam Ali (2022-28) (NaN-NaN)","Elected MP","Images","08-Mar-2024","243000"
"37","Normal/Others","WS/MP839/2023-2024/33891-Lighting of public spaces","Jammu And Kashmir","SHAHJAHANPUR(DISTRICT MAGISTRAE SHAHJAHANAPUR_IDA)","LED HIGH MASK LIGHT NEAR H P PETROL PUMP","Shri Gulam Ali (2022-28) (NaN-NaN)","Elected MP","Images","08-Mar-2024","243000"
"38","Normal/Others","WS/MP839/2023-2024/33890-Lighting of public spaces","Jammu And Kashmir","SHAHJAHANPUR(DISTRICT MAGISTRAE SHAHJAHANAPUR_IDA)","LED HIGH MASK LIGHT NEAR PAULTRY FIRM SHRI NARESH BABU SAXENA","Shri Gulam Ali (2022-28) (NaN-NaN)","Elected MP","Images","08-Mar-2024","243000"
"39","Normal/Others","WS/MP839/2023-2024/33889-Lighting of public spaces","Jammu And Kashmir","SHAHJAHANPUR(DISTRICT MAGISTRAE SHAHJAHANAPUR_IDA)","LED HIGH MASK LIGHT  NEAR HOUSE OF shrI JAGJEET SINGH","Shri Gulam Ali (2022-28) (NaN-NaN)","Elected MP","Images","08-Mar-2024","243000"
"40","Normal/Others","WS/MP839/2023-2024/33896-Lighting of public spaces","Jammu And Kashmir","SHAHJAHANPUR(DISTRICT MAGISTRAE SHAHJAHANAPUR_IDA)","LED HIGH MASK LIGHT NEAR CITY PARK HOUSE NO. B-22","Shri Gulam Ali (2022-28) (NaN-NaN)","Elected MP","Images","08-Mar-2024","243000"
"41","Normal/Others","WS/MP839/2023-2024/33895-Lighting of public spaces","Jammu And Kashmir","SHAHJAHANPUR(DISTRICT MAGISTRAE SHAHJAHANAPUR_IDA)","LED HIGH MASK LIGHT NEAR CITY PARK HOUSE NO. A-91","Shri Gulam Ali (2022-28) (NaN-NaN)","Elected MP","Images","08-Mar-2024","243000"
"42","Normal/Others","WS/MP839/2023-2024/33894-Lighting of public spaces","Jammu And Kashmir","SHAHJAHANPUR(DISTRICT MAGISTRAE SHAHJAHANAPUR_IDA)","LED HIGH MASK LIGHT  NEAR  CITY PARK","Shri Gulam Ali (2022-28) (NaN-NaN)","Elected MP","Images","08-Mar-2024","243000"
"43","Normal/Others","WS/MP839/2023-2024/33900-Lighting of public spaces","Jammu And Kashmir","SHAHJAHANPUR(DISTRICT MAGISTRAE SHAHJAHANAPUR_IDA)","LED HIGH MASK LIGHT NEAR CITY PARK HOUSE NO. B-44","Shri Gulam Ali (2022-28) (NaN-NaN)","Elected MP","Images","08-Mar-2024","243000"
"44","Normal/Others","WS/MP839/2023-2024/33899-Lighting of public spaces","Jammu And Kashmir","SHAHJAHANPUR(DISTRICT MAGISTRAE SHAHJAHANAPUR_IDA)","LED HIGH MASK LIGHT NEAR CITY PARK HOUSE NO. B-32","Shri Gulam Ali (2022-28) (NaN-NaN)","Elected MP","Images","08-Mar-2024","243000"
"45","Normal/Others","WS/MP839/2023-2024/33898-Lighting of public spaces","Jammu And Kashmir","SHAHJAHANPUR(DISTRICT MAGISTRAE SHAHJAHANAPUR_IDA)","LED HIGH MASK LIGHT NEAR CITY PARK HOUSE NO. B-37","Shri Gulam Ali (2022-28) (NaN-NaN)","Elected MP","N/A","08-Mar-2024","243000"
"46","Normal/Others","WS/MP839/2023-2024/33897-Lighting of public spaces","Jammu And Kashmir","SHAHJAHANPUR(DISTRICT MAGISTRAE SHAHJAHANAPUR_IDA)","LED HIGH MASK LIGHT NEAR CITY PARK HOUSE NO. B-79","Shri Gulam Ali (2022-28) (NaN-NaN)","Elected MP","Images","08-Mar-2024","243000"
"47","Normal/Others","WS/MP839/2023-2024/33906-Lighting of public spaces","Jammu And Kashmir","SHAHJAHANPUR(DISTRICT MAGISTRAE SHAHJAHANAPUR_IDA)","LED HIGH MASK LIGHT NEAR CITY PARK HOUSE NO. B-14","Shri Gulam Ali (2022-28) (NaN-NaN)","Elected MP","Images","08-Mar-2024","243000"
"48","Normal/Others","WS/MP839/2023-2024/33905-Lighting of public spaces","Jammu And Kashmir","SHAHJAHANPUR(DISTRICT MAGISTRAE SHAHJAHANAPUR_IDA)","LED HIGH MASK LIGHT NEAR CITY PARK HOUSE NO. E-10","Shri Gulam Ali (2022-28) (NaN-NaN)","Elected MP","Images","08-Mar-2024","243000"
"49","Normal/Others","WS/MP839/2023-2024/33904-Lighting of public spaces","Jammu And Kashmir","SHAHJAHANPUR(DISTRICT MAGISTRAE SHAHJAHANAPUR_IDA)","LED HIGH MASK LIGHT NEAR CITY PARK HOUSE NO. A/21","Shri Gulam Ali (2022-28) (NaN-NaN)","Elected MP","Images","08-Mar-2024","243000"
"50","Normal/Others","WS/MP839/2023-2024/33903-Lighting of public spaces","Jammu And Kashmir","SHAHJAHANPUR(DISTRICT MAGISTRAE SHAHJAHANAPUR_IDA)","LED HIGH MASK LIGHT NEAR CITY PARK HOUSE NO. A/117","Shri Gulam Ali (2022-28) (NaN-NaN)","Elected MP","Images","08-Mar-2024","243000"
"51","Normal/Others","WS/MP839/2023-2024/33902-Lighting of public spaces","Jammu And Kashmir","SHAHJAHANPUR(DISTRICT MAGISTRAE SHAHJAHANAPUR_IDA)","LED HIGH MASK LIGHT NEAR CITY PARK HOUSE NO. A-34/2","Shri Gulam Ali (2022-28) (NaN-NaN)","Elected MP","Images","08-Mar-2024","243000"
"52","Normal/Others","WS/MP839/2023-2024/33901-Lighting of public spaces","Jammu And Kashmir","SHAHJAHANPUR(DISTRICT MAGISTRAE SHAHJAHANAPUR_IDA)","LED HIGH MASK LIGHT NEAR CITY PARK HOUSE NO. C-104","Shri Gulam Ali (2022-28) (NaN-NaN)","Elected MP","Images","08-Mar-2024","243000"
"53","Normal/Others","WS/MP839/2023-2024/33908-Lighting of public spaces","Jammu And Kashmir","SHAHJAHANPUR(DISTRICT MAGISTRAE SHAHJAHANAPUR_IDA)","LED HIGH MASK LIGHT NEAR DURGA MILL RTGHT SIDE","Shri Gulam Ali (2022-28) (NaN-NaN)","Elected MP","Images","07-Mar-2024","243000"
"54","Normal/Others","WS/MP839/2023-2024/33907-Lighting of public spaces","Jammu And Kashmir","SHAHJAHANPUR(DISTRICT MAGISTRAE SHAHJAHANAPUR_IDA)","LED HIGH MASK LIGHT NEAR CITY PARK HOUSE NO. E-91","Shri Gulam Ali (2022-28) (NaN-NaN)","Elected MP","Images","07-Mar-2024","243000"
"55","Normal/Others","WS/MP839/2023-2024/33911-Lighting of public spaces","Jammu And Kashmir","SHAHJAHANPUR(DISTRICT MAGISTRAE SHAHJAHANAPUR_IDA)","LED HIGH MASK LIGHT NEAR HOUSE OF shrI MUKESH KUMAR","Shri Gulam Ali (2022-28) (NaN-NaN)","Elected MP","N/A","07-Mar-2024","243000"
"56","Normal/Others","WS/MP839/2023-2024/33910-Lighting of public spaces","Jammu And Kashmir","SHAHJAHANPUR(DISTRICT MAGISTRAE SHAHJAHANAPUR_IDA)","LED HIGH MASK LIGHT NEAR DURGA MILL NORTH SIDE","Shri Gulam Ali (2022-28) (NaN-NaN)","Elected MP","Images","07-Mar-2024","243000"
"57","Normal/Others","WS/MP839/2023-2024/33909-Lighting of public spaces","Jammu And Kashmir","SHAHJAHANPUR(DISTRICT MAGISTRAE SHAHJAHANAPUR_IDA)","LED HIGH MASK LIGHT NEAR DURGA MILL LEFT SIDE","Shri Gulam Ali (2022-28) (NaN-NaN)","Elected MP","Images","07-Mar-2024","243000"
"58","Normal/Others","WS/MP839/2023-2024/33937-Lighting of public spaces","Jammu And Kashmir","SHAHJAHANPUR(DISTRICT MAGISTRAE SHAHJAHANAPUR_IDA)","LED HIGHMASK LIGHT NEAR K R PAPER MILL CHAKMARG LEFT SIDE","Shri Gulam Ali (2022-28) (NaN-NaN)","Elected MP","Images","07-Mar-2024","243000"
"59","Normal/Others","WS/MP839/2023-2024/33936-Lighting of public spaces","Jammu And Kashmir","SHAHJAHANPUR(DISTRICT MAGISTRAE SHAHJAHANAPUR_IDA)","LED HIGHMASK LIGHT NEAR K R PAPER MILL ROAD GURUDWARA  RIGHT   SIDE","Shri Gulam Ali (2022-28) (NaN-NaN)","Elected MP","N/A","07-Mar-2024","243000"
"60","Normal/Others","WS/MP839/2023-2024/33935-Lighting of public spaces","Jammu And Kashmir","SHAHJAHANPUR(DISTRICT MAGISTRAE SHAHJAHANAPUR_IDA)","LED HIGHMASK LIGHT NEAR K R PAPER MILL ROAD GURUDWARA FRONTLEFT  SIDE","Shri Gulam Ali (2022-28) (NaN-NaN)","Elected MP","N/A","07-Mar-2024","243000"
"61","Normal/Others","WS/MP839/2023-2024/33934-Lighting of public spaces","Jammu And Kashmir","SHAHJAHANPUR(DISTRICT MAGISTRAE SHAHJAHANAPUR_IDA)","LED HIGHMASK LIGHT NEARK R PAPER MILL ROAD GURUDWARA FRONT  SIDE","Shri Gulam Ali (2022-28) (NaN-NaN)","Elected MP","N/A","07-Mar-2024","243000"
"62","Normal/Others","WS/MP839/2023-2024/33933-Lighting of public spaces","Jammu And Kashmir","SHAHJAHANPUR(DISTRICT MAGISTRAE SHAHJAHANAPUR_IDA)","LED HIGHMASK LIGHT NEAR MAA PUNA GIRI BATTERY RIKSHAW SHOWROOM SOUTH SIDE","Shri Gulam Ali (2022-28) (NaN-NaN)","Elected MP","N/A","07-Mar-2024","243000"
"63","Normal/Others","WS/MP839/2023-2024/33932-Lighting of public spaces","Jammu And Kashmir","SHAHJAHANPUR(DISTRICT MAGISTRAE SHAHJAHANAPUR_IDA)","LED HIGHMASK LIGHT NEAR MAA PUNA GIRI BATTERY RIKSHAW SHOWROOM NORTH SIDE","Shri Gulam Ali (2022-28) (NaN-NaN)","Elected MP","Images","07-Mar-2024","243000"
"64","Normal/Others","WS/MP839/2023-2024/33931-Lighting of public spaces","Jammu And Kashmir","SHAHJAHANPUR(DISTRICT MAGISTRAE SHAHJAHANAPUR_IDA)","LED HIGHMASK LIGHT NEAR MAA PUNA GIRI BATTERY RIKSHAW SHOWROOM RIGHT  SIDE","Shri Gulam Ali (2022-28) (NaN-NaN)","Elected MP","Images","07-Mar-2024","243000"
"65","Normal/Others","WS/MP839/2023-2024/33930-Lighting of public spaces","Jammu And Kashmir","SHAHJAHANPUR(DISTRICT MAGISTRAE SHAHJAHANAPUR_IDA)","LED HIGHMASK LIGHT NEAR MAA PUNA GIRI BATTERY RIKSHAW SHOWROOM LEFT SIDE","Shri Gulam Ali (2022-28) (NaN-NaN)","Elected MP","Images","07-Mar-2024","243000"
"66","Normal/Others","WS/MP839/2023-2024/33938-Lighting of public spaces","Jammu And Kashmir","SHAHJAHANPUR(DISTRICT MAGISTRAE SHAHJAHANAPUR_IDA)","LED HIGHMASK LIGHT NEAR K R PAPER MILL CHAKMARG RIGHT SIDE","Shri Gulam Ali (2022-28) (NaN-NaN)","Elected MP","N/A","07-Mar-2024","243000"
"67","Normal/Others","WS/MP839/2023-2024/33943-Lighting of public spaces","Jammu And Kashmir","SHAHJAHANPUR(DISTRICT MAGISTRAE SHAHJAHANAPUR_IDA)","LED HIGH MASK LIGHT NEAR HOUSE OF  SHIVANSH PANDEY( BANK karmi)","Shri Gulam Ali (2022-28) (NaN-NaN)","Elected MP","Images","07-Mar-2024","243000"
"68","Normal/Others","WS/MP839/2023-2024/33942-Lighting of public spaces","Jammu And Kashmir","SHAHJAHANPUR(DISTRICT MAGISTRAE SHAHJAHANAPUR_IDA)","LED HIGH MASK LIGHT NEAR HOUSE OF J P MISHRA","Shri Gulam Ali (2022-28) (NaN-NaN)","Elected MP","Images","07-Mar-2024","243000"
"69","Normal/Others","WS/MP839/2023-2024/33941-Lighting of public spaces","Jammu And Kashmir","SHAHJAHANPUR(DISTRICT MAGISTRAE SHAHJAHANAPUR_IDA)","LED HIGH MASK LIGHT NEAR HOUSE OF ANMOL SHUKLA","Shri Gulam Ali (2022-28) (NaN-NaN)","Elected MP","Images","07-Mar-2024","243000"
"70","Normal/Others","WS/MP839/2023-2024/33940-Lighting of public spaces","Jammu And Kashmir","SHAHJAHANPUR(DISTRICT MAGISTRAE SHAHJAHANAPUR_IDA)","LED HIGHMASK LIGHT NEAR OF THE DEV STHAN MANDIR","Shri Gulam Ali (2022-28) (NaN-NaN)","Elected MP","Images","07-Mar-2024","243000"
"71","Normal/Others","WS/MP839/2023-2024/33939-Lighting of public spaces","Jammu And Kashmir","SHAHJAHANPUR(DISTRICT MAGISTRAE SHAHJAHANAPUR_IDA)","LED HIGHMASK LIGHT NEAR HOUSE OF AVDHESH KUMAR YADAV","Shri Gulam Ali (2022-28) (NaN-NaN)","Elected MP","Images","07-Mar-2024","243000"
"72","Normal/Others","WS/MP839/2023-2024/33948-Lighting of public spaces","Jammu And Kashmir","SHAHJAHANPUR(DISTRICT MAGISTRAE SHAHJAHANAPUR_IDA)","LED HIGH MASK LIGHT NEAR OF HOUSE OF AVINASH VERMA","Shri Gulam Ali (2022-28) (NaN-NaN)","Elected MP","Images","07-Mar-2024","243000"
"73","Normal/Others","WS/MP839/2023-2024/33947-Lighting of public spaces","Jammu And Kashmir","SHAHJAHANPUR(DISTRICT MAGISTRAE SHAHJAHANAPUR_IDA)","LED HIGH MASK LIGHT NEAR OF HOUSE OF UDHO LAL VERMA","Shri Gulam Ali (2022-28) (NaN-NaN)","Elected MP","Images","07-Mar-2024","243000"
"74","Normal/Others","WS/MP839/2023-2024/33946-Lighting of public spaces","Jammu And Kashmir","SHAHJAHANPUR(DISTRICT MAGISTRAE SHAHJAHANAPUR_IDA)","LED HIGH MASK LIGHT NEAR KAHELIA PUBLIC SCHOOL","Shri Gulam Ali (2022-28) (NaN-NaN)","Elected MP","Images","07-Mar-2024","243000"
"75","Normal/Others","WS/MP839/2023-2024/33945-Lighting of public spaces","Jammu And Kashmir","SHAHJAHANPUR(DISTRICT MAGISTRAE SHAHJAHANAPUR_IDA)","LED HIGH MASK LIGHT NEAR VEDWATI KANYA INTER COLLEGE","Shri Gulam Ali (2022-28) (NaN-NaN)","Elected MP","Images","07-Mar-2024","243000"
"76","Normal/Others","WS/MP839/2023-2024/33944-Lighting of public spaces","Jammu And Kashmir","SHAHJAHANPUR(DISTRICT MAGISTRAE SHAHJAHANAPUR_IDA)","LED HIGH MASK LIGHT NEAR VEERANGNA AVANTI BAI MAHA VIDYALAYA","Shri Gulam Ali (2022-28) (NaN-NaN)","Elected MP","Images","07-Mar-2024","243000"
"77","Normal/Others","WS/MP839/2023-2024/33949-Lighting of public spaces","Jammu And Kashmir","SHAHJAHANPUR(DISTRICT MAGISTRAE SHAHJAHANAPUR_IDA)","LED HIGH MASK LIGHT NEAR OF HOUSE OF GANGESWAR DHANUKA","Shri Gulam Ali (2022-28) (NaN-NaN)","Elected MP","Images","07-Mar-2024","243000"
"78","Normal/Others","WS/MP839/2023-2024/34049-Lighting of public spaces","Jammu And Kashmir","SHAHJAHANPUR(DISTRICT MAGISTRAE SHAHJAHANAPUR_IDA)","LED HIGH MASK LIGHT NEAR OF HOUSE OF KISHAN VERMA","Shri Gulam Ali (2022-28) (NaN-NaN)","Elected MP","Images","07-Mar-2024","243000"
"79","Normal/Others","WS/MP839/2023-2024/34048-Lighting of public spaces","Jammu And Kashmir","SHAHJAHANPUR(DISTRICT MAGISTRAE SHAHJAHANAPUR_IDA)","LED HIGH MASK LIGHT NEAR OF HOUSE OF ASHISH KUMAR VERMA","Shri Gulam Ali (2022-28) (NaN-NaN)","Elected MP","Images","07-Mar-2024","243000"
"80","Normal/Others","WS/MP839/2023-2024/34054-Lighting of public spaces","Jammu And Kashmir","SHAHJAHANPUR(DISTRICT MAGISTRAE SHAHJAHANAPUR_IDA)","LED HIGH MASK LIGH NEAR OF HOUSE OF PREM KUMAR SINGH","Shri Gulam Ali (2022-28) (NaN-NaN)","Elected MP","Images","07-Mar-2024","243000"
"81","Normal/Others","WS/MP839/2023-2024/34053-Lighting of public spaces","Jammu And Kashmir","SHAHJAHANPUR(DISTRICT MAGISTRAE SHAHJAHANAPUR_IDA)","LED HIGH MASK LIGHT NEAR HOUSE OF RUPESH PANDEY","Shri Gulam Ali (2022-28) (NaN-NaN)","Elected MP","Images","07-Mar-2024","243000"
"82","Normal/Others","WS/MP839/2023-2024/34052-Lighting of public spaces","Jammu And Kashmir","SHAHJAHANPUR(DISTRICT MAGISTRAE SHAHJAHANAPUR_IDA)","LED HIGH MASK LIGHT NEAR OF HOUSE OF PREM PRAKASH KUSHWAHA","Shri Gulam Ali (2022-28) (NaN-NaN)","Elected MP","Images","07-Mar-2024","243000"
"83","Normal/Others","WS/MP839/2023-2024/34051-Lighting of public spaces","Jammu And Kashmir","SHAHJAHANPUR(DISTRICT MAGISTRAE SHAHJAHANAPUR_IDA)","LED HIGH MASK LIGHT NEAR OF HOUSE OF PREM KUMAR VERMA","Shri Gulam Ali (2022-28) (NaN-NaN)","Elected MP","Images","07-Mar-2024","243000"
"84","Normal/Others","WS/MP839/2023-2024/34050-Lighting of public spaces","Jammu And Kashmir","SHAHJAHANPUR(DISTRICT MAGISTRAE SHAHJAHANAPUR_IDA)","LED HIGH MASK LIGHT NEAR OF HOUSE OFSUMIT TIWARI","Shri Gulam Ali (2022-28) (NaN-NaN)","Elected MP","Images","07-Mar-2024","243000"
"85","Normal/Others","WS/MP839/2023-2024/34057-Lighting of public spaces","Jammu And Kashmir","SHAHJAHANPUR(DISTRICT MAGISTRAE SHAHJAHANAPUR_IDA)","LED HIGH MASK LIGH NEAR HOUSE OF SUDHIR KUMAR SRIVASTAVA","Shri Gulam Ali (2022-28) (NaN-NaN)","Elected MP","Images","07-Mar-2024","243000"
"86","Normal/Others","WS/MP839/2023-2024/34056-Lighting of public spaces","Jammu And Kashmir","SHAHJAHANPUR(DISTRICT MAGISTRAE SHAHJAHANAPUR_IDA)","LED HIGH MASK LIGH NEAR HOUSE OF YADU NATH SINGH","Shri Gulam Ali (2022-28) (NaN-NaN)","Elected MP","Images","06-Mar-2024","243000"
"87","Normal/Others","WS/MP839/2023-2024/34055-Lighting of public spaces","Jammu And Kashmir","SHAHJAHANPUR(DISTRICT MAGISTRAE SHAHJAHANAPUR_IDA)","LED HIGH MASK LIGH NEAR HOUSE OF SHRI DILIP KUMAR VERMA","Shri Gulam Ali (2022-28) (NaN-NaN)","Elected MP","Images","07-Mar-2024","243000"
"88","Normal/Others","WS/MP839/2023-2024/34064-Lighting of public spaces","Jammu And Kashmir","SHAHJAHANPUR(DISTRICT MAGISTRAE SHAHJAHANAPUR_IDA)","LED HIGH MASK LIGH NEAR HOUSE OF GURU PRASAD","Shri Gulam Ali (2022-28) (NaN-NaN)","Elected MP","Images","07-Mar-2024","243000"
"89","Normal/Others","WS/MP839/2023-2024/34063-Lighting of public spaces","Jammu And Kashmir","SHAHJAHANPUR(DISTRICT MAGISTRAE SHAHJAHANAPUR_IDA)","LED HIGH MASK LIGH NEAR HOUSE OF AMAR SINGH YADAV","Shri Gulam Ali (2022-28) (NaN-NaN)","Elected MP","Images","06-Mar-2024","243000"
"90","Normal/Others","WS/MP839/2023-2024/34062-Lighting of public spaces","Jammu And Kashmir","SHAHJAHANPUR(DISTRICT MAGISTRAE SHAHJAHANAPUR_IDA)","LED HIGH MASK LIGH NEAR HOUSE OF BHURE YADAV","Shri Gulam Ali (2022-28) (NaN-NaN)","Elected MP","Images","06-Mar-2024","243000"
"91","Normal/Others","WS/MP839/2023-2024/34061-Lighting of public spaces","Jammu And Kashmir","SHAHJAHANPUR(DISTRICT MAGISTRAE SHAHJAHANAPUR_IDA)","LED HIGH MASK LIGH NEAR HOUSE OF SHRI ABHAY PRATAP SINGH YADAV","Shri Gulam Ali (2022-28) (NaN-NaN)","Elected MP","Images","06-Mar-2024","243000"
"92","Normal/Others","WS/MP839/2023-2024/34060-Lighting of public spaces","Jammu And Kashmir","SHAHJAHANPUR(DISTRICT MAGISTRAE SHAHJAHANAPUR_IDA)","LED HIGH MASK LIGH NEAR HOUSE OF SHRI SHER SINGH YADAV","Shri Gulam Ali (2022-28) (NaN-NaN)","Elected MP","Images","06-Mar-2024","243000"
"93","Normal/Others","WS/MP839/2023-2024/34059-Lighting of public spaces","Jammu And Kashmir","SHAHJAHANPUR(DISTRICT MAGISTRAE SHAHJAHANAPUR_IDA)","LED HIGH MASK LIGH NEAR HOUSE OF SEVA RAM PAL","Shri Gulam Ali (2022-28) (NaN-NaN)","Elected MP","Images","06-Mar-2024","243000"
"94","Normal/Others","WS/MP839/2023-2024/34058-Lighting of public spaces","Jammu And Kashmir","SHAHJAHANPUR(DISTRICT MAGISTRAE SHAHJAHANAPUR_IDA)","LED HIGH MASK LIGH NEAR HOUSE OF SUDHIR KUMAR SRIVASTAVA","Shri Gulam Ali (2022-28) (NaN-NaN)","Elected MP","N/A","05-Mar-2024","243000"
"95","Normal/Others","WS/MP839/2023-2024/34070-Lighting of public spaces","Jammu And Kashmir","SHAHJAHANPUR(DISTRICT MAGISTRAE SHAHJAHANAPUR_IDA)","LED HIGH MASK LIGH NEAR HOUSE OF KAMAL DEEP SINGH","Shri Gulam Ali (2022-28) (NaN-NaN)","Elected MP","N/A","05-Mar-2024","243000"
"96","Normal/Others","WS/MP839/2023-2024/34069-Lighting of public spaces","Jammu And Kashmir","SHAHJAHANPUR(DISTRICT MAGISTRAE SHAHJAHANAPUR_IDA)","LED HIGH MASK LIGH NEAR HOUSE OF KASHMIR SINGH","Shri Gulam Ali (2022-28) (NaN-NaN)","Elected MP","N/A","05-Mar-2024","243000"
"97","Normal/Others","WS/MP839/2023-2024/34068-Lighting of public spaces","Jammu And Kashmir","SHAHJAHANPUR(DISTRICT MAGISTRAE SHAHJAHANAPUR_IDA)","LED HIGH MASK LIGH NEAR HOUSE OF GURJEET SINGH","Shri Gulam Ali (2022-28) (NaN-NaN)","Elected MP","N/A","05-Mar-2024","243000"
"98","Normal/Others","WS/MP839/2023-2024/34067-Lighting of public spaces","Jammu And Kashmir","SHAHJAHANPUR(DISTRICT MAGISTRAE SHAHJAHANAPUR_IDA)","LED HIGH MASK LIGH NEAR HOUSE OF SUKHVINDER SINGH","Shri Gulam Ali (2022-28) (NaN-NaN)","Elected MP","N/A","05-Mar-2024","243000"
"99","Normal/Others","WS/MP839/2023-2024/34066-Lighting of public spaces","Jammu And Kashmir","SHAHJAHANPUR(DISTRICT MAGISTRAE SHAHJAHANAPUR_IDA)","LED HIGH MASK LIGH NEAR HOUSE OF GURJAN SINGH","Shri Gulam Ali (2022-28) (NaN-NaN)","Elected MP","N/A","05-Mar-2024","243000"
"100","Normal/Others","WS/MP839/2023-2024/34065-Lighting of public spaces","Jammu And Kashmir","SHAHJAHANPUR(DISTRICT MAGISTRAE SHAHJAHANAPUR_IDA)","LED HIGH MASK LIGH NEAR HOUSE OF JITENDER SINGH","Shri Gulam Ali (2022-28) (NaN-NaN)","Elected MP","N/A","05-Mar-2024","243000"
"101","Normal/Others","WS/MP839/2023-2024/34101-Lighting of public spaces","Jammu And Kashmir","SHAHJAHANPUR(DISTRICT MAGISTRAE SHAHJAHANAPUR_IDA)","LED HIGH MASK LIGHT NEAR HOUSE OF SATNAM SINGH","Shri Gulam Ali (2022-28) (NaN-NaN)","Elected MP","N/A","05-Mar-2024","243000"
"102","Normal/Others","WS/MP839/2023-2024/34100-Lighting of public spaces","Jammu And Kashmir","SHAHJAHANPUR(DISTRICT MAGISTRAE SHAHJAHANAPUR_IDA)","LED HIGH MASK LIGHT NEAR HOUSE OF MEHAR SINGH","Shri Gulam Ali (2022-28) (NaN-NaN)","Elected MP","N/A","05-Mar-2024","243000"
"103","Normal/Others","WS/MP839/2023-2024/34108-Lighting of public spaces","Jammu And Kashmir","SHAHJAHANPUR(DISTRICT MAGISTRAE SHAHJAHANAPUR_IDA)","LED HIGH MASK LIGHT NEAR HOUSE OF SUKHPREET SINGH","Shri Gulam Ali (2022-28) (NaN-NaN)","Elected MP","N/A","05-Mar-2024","243000"
"104","Normal/Others","WS/MP839/2023-2024/34107-Lighting of public spaces","Jammu And Kashmir","SHAHJAHANPUR(DISTRICT MAGISTRAE SHAHJAHANAPUR_IDA)","LED HIGH MASK LIGHT NEAR HOUSE OF JAGJEET SINGH","Shri Gulam Ali (2022-28) (NaN-NaN)","Elected MP","N/A","05-Mar-2024","243000"
"105","Normal/Others","WS/MP839/2023-2024/34106-Lighting of public spaces","Jammu And Kashmir","SHAHJAHANPUR(DISTRICT MAGISTRAE SHAHJAHANAPUR_IDA)","LED HIGH MASK LIGHT NEAR HOUSE OF BALJEET SINGH","Shri Gulam Ali (2022-28) (NaN-NaN)","Elected MP","N/A","05-Mar-2024","243000"
"106","Normal/Others","WS/MP839/2023-2024/34105-Lighting of public spaces","Jammu And Kashmir","SHAHJAHANPUR(DISTRICT MAGISTRAE SHAHJAHANAPUR_IDA)","LED HIGH MASK LIGHT NEAR HOUSE OF LAKHBEER SINGH","Shri Gulam Ali (2022-28) (NaN-NaN)","Elected MP","N/A","05-Mar-2024","243000"
"107","Normal/Others","WS/MP839/2023-2024/34104-Lighting of public spaces","Jammu And Kashmir","SHAHJAHANPUR(DISTRICT MAGISTRAE SHAHJAHANAPUR_IDA)","LED HIGH MASK LIGHT NEAR HOUSE OF ALOK KUMAR","Shri Gulam Ali (2022-28) (NaN-NaN)","Elected MP","N/A","04-Mar-2024","243000"
"108","Normal/Others","WS/MP839/2023-2024/34103-Lighting of public spaces","Jammu And Kashmir","SHAHJAHANPUR(DISTRICT MAGISTRAE SHAHJAHANAPUR_IDA)","LED HIGH MASK LIGHT NEAR HOUSE OF HARDEEP SINGH","Shri Gulam Ali (2022-28) (NaN-NaN)","Elected MP","N/A","04-Mar-2024","243000"
"109","Normal/Others","WS/MP839/2023-2024/34102-Lighting of public spaces","Jammu And Kashmir","SHAHJAHANPUR(DISTRICT MAGISTRAE SHAHJAHANAPUR_IDA)","LED HIGH MASK LIGHT NEAR HOUSE OF  BALJEET SINGH","Shri Gulam Ali (2022-28) (NaN-NaN)","Elected MP","Images","05-Mar-2024","243000"
"110","Normal/Others","WS/MP839/2023-2024/34117-Lighting of public spaces","Jammu And Kashmir","SHAHJAHANPUR(DISTRICT MAGISTRAE SHAHJAHANAPUR_IDA)","LED HIGH MASK LIGHT NEAR HOUSE OF SANJAY KUMAR","Shri Gulam Ali (2022-28) (NaN-NaN)","Elected MP","N/A","05-Mar-2024","243000"
"111","Normal/Others","WS/MP839/2023-2024/34116-Lighting of public spaces","Jammu And Kashmir","SHAHJAHANPUR(DISTRICT MAGISTRAE SHAHJAHANAPUR_IDA)","LED HIGH MASK LIGHT NEAR GURU KRIPA GAS AGENCY","Shri Gulam Ali (2022-28) (NaN-NaN)","Elected MP","Images","05-Mar-2024","243000"
"112","Normal/Others","WS/MP839/2023-2024/34115-Lighting of public spaces","Jammu And Kashmir","SHAHJAHANPUR(DISTRICT MAGISTRAE SHAHJAHANAPUR_IDA)","LED HIGH MASK LIGHT NEAR HOUSE OF SAMSHER SINGH","Shri Gulam Ali (2022-28) (NaN-NaN)","Elected MP","N/A","05-Mar-2024","243000"
"113","Normal/Others","WS/MP839/2023-2024/34114-Lighting of public spaces","Jammu And Kashmir","SHAHJAHANPUR(DISTRICT MAGISTRAE SHAHJAHANAPUR_IDA)","LED HIGH MASK LIGHT NEAR HOUSE OF BALJINDER SINGH","Shri Gulam Ali (2022-28) (NaN-NaN)","Elected MP","Images","05-Mar-2024","243000"
"114","Normal/Others","WS/MP839/2023-2024/34113-Lighting of public spaces","Jammu And Kashmir","SHAHJAHANPUR(DISTRICT MAGISTRAE SHAHJAHANAPUR_IDA)","LED HIGH MASK LIGHT NEAR HOUSE OF HARVINDER SINGH","Shri Gulam Ali (2022-28) (NaN-NaN)","Elected MP","N/A","05-Mar-2024","243000"
"115","Normal/Others","WS/MP839/2023-2024/34112-Lighting of public spaces","Jammu And Kashmir","SHAHJAHANPUR(DISTRICT MAGISTRAE SHAHJAHANAPUR_IDA)","LED HIGH MASK LIGHT NEAR HOUSE OF GURVINDER SINGH","Shri Gulam Ali (2022-28) (NaN-NaN)","Elected MP","N/A","05-Mar-2024","243000"
"116","Normal/Others","WS/MP839/2023-2024/34111-Lighting of public spaces","Jammu And Kashmir","SHAHJAHANPUR(DISTRICT MAGISTRAE SHAHJAHANAPUR_IDA)","LED HIGH MASK LIGHT NEAR HOUSE OF MAHENDER SINGH","Shri Gulam Ali (2022-28) (NaN-NaN)","Elected MP","N/A","05-Mar-2024","243000"
"117","Normal/Others","WS/MP839/2023-2024/34110-Lighting of public spaces","Jammu And Kashmir","SHAHJAHANPUR(DISTRICT MAGISTRAE SHAHJAHANAPUR_IDA)","LED HIGH MASK LIGHT NEAR HOUSE OF KULBINER SINGH","Shri Gulam Ali (2022-28) (NaN-NaN)","Elected MP","N/A","05-Mar-2024","243000"
"118","Normal/Others","WS/MP839/2023-2024/34109-Lighting of public spaces","Jammu And Kashmir","SHAHJAHANPUR(DISTRICT MAGISTRAE SHAHJAHANAPUR_IDA)","LED HIGH MASK LIGHT NEAR HOUSE OF AMAN PREET SINGH","Shri Gulam Ali (2022-28) (NaN-NaN)","Elected MP","N/A","05-Mar-2024","243000"
"119","Normal/Others","WS/MP839/2023-2024/34139-Lighting of public spaces","Jammu And Kashmir","SHAHJAHANPUR(DISTRICT MAGISTRAE SHAHJAHANAPUR_IDA)","LED HIGH MASK LIGHT NEAR HOUSE OF SHRI PRASHANT KHNADELWAL","Shri Gulam Ali (2022-28) (NaN-NaN)","Elected MP","Images","04-Mar-2024","243000"
"120","Normal/Others","WS/MP839/2023-2024/34138-Lighting of public spaces","Jammu And Kashmir","SHAHJAHANPUR(DISTRICT MAGISTRAE SHAHJAHANAPUR_IDA)","LED HIGH MASK LIGHT NEAR HOUSE OF KULDEEP PATERKARMOHALLA BAHADUR GANJ","Shri Gulam Ali (2022-28) (NaN-NaN)","Elected MP","N/A","04-Mar-2024","243000"
"121","Normal/Others","WS/MP839/2023-2024/34143-Lighting of public spaces","Jammu And Kashmir","SHAHJAHANPUR(DISTRICT MAGISTRAE SHAHJAHANAPUR_IDA)","LED HIGH MASK LIGHT NEAR HOUSE OF SHRI SHUBEG SINGH","Shri Gulam Ali (2022-28) (NaN-NaN)","Elected MP","N/A","04-Mar-2024","243000"
"122","Normal/Others","WS/MP839/2023-2024/34142-Lighting of public spaces","Jammu And Kashmir","SHAHJAHANPUR(DISTRICT MAGISTRAE SHAHJAHANAPUR_IDA)","LED HIGH MASK LIGHT NEAR HOUSE OF SHRI BARYAM SINGH","Shri Gulam Ali (2022-28) (NaN-NaN)","Elected MP","N/A","04-Mar-2024","243000"
"123","Normal/Others","WS/MP839/2023-2024/34141-Lighting of public spaces","Jammu And Kashmir","SHAHJAHANPUR(DISTRICT MAGISTRAE SHAHJAHANAPUR_IDA)","LED HIGH MASK LIGHT NEAR HOUSE OF SHRI DILER SINGH","Shri Gulam Ali (2022-28) (NaN-NaN)","Elected MP","N/A","04-Mar-2024","243000"
"124","Normal/Others","WS/MP839/2023-2024/34140-Lighting of public spaces","Jammu And Kashmir","SHAHJAHANPUR(DISTRICT MAGISTRAE SHAHJAHANAPUR_IDA)","LED HIGH MASK LIGHT NEAR HOUSE OF SHRI SURENDER SINGH","Shri Gulam Ali (2022-28) (NaN-NaN)","Elected MP","N/A","04-Mar-2024","243000"
"125","Normal/Others","WS/MP839/2023-2024/34168-Lighting of public spaces","Jammu And Kashmir","SHAHJAHANPUR(DISTRICT MAGISTRAE SHAHJAHANAPUR_IDA)","LED HIGH MASK LIGHT NEAR HOUSE OF NISHANT SINGH","Shri Gulam Ali (2022-28) (NaN-NaN)","Elected MP","N/A","04-Mar-2024","243000"
"126","Normal/Others","WS/MP839/2023-2024/34167-Lighting of public spaces","Jammu And Kashmir","SHAHJAHANPUR(DISTRICT MAGISTRAE SHAHJAHANAPUR_IDA)","LED HIGH MASK LIGHT NEAR HOUSE OF HARVINDER SINGH","Shri Gulam Ali (2022-28) (NaN-NaN)","Elected MP","Images","04-Mar-2024","243000"
"127","Normal/Others","WS/MP839/2023-2024/34166-Lighting of public spaces","Jammu And Kashmir","SHAHJAHANPUR(DISTRICT MAGISTRAE SHAHJAHANAPUR_IDA)","LED HIGH MASK LIGHT NEAR MASJID","Shri Gulam Ali (2022-28) (NaN-NaN)","Elected MP","Images","04-Mar-2024","243000"
"128","Normal/Others","WS/MP839/2023-2024/34165-Lighting of public spaces","Jammu And Kashmir","SHAHJAHANPUR(DISTRICT MAGISTRAE SHAHJAHANAPUR_IDA)","LED HIGH MASK LIGHT NEAR HOUSE OF CHAKKI SHRI DEEN MOHJAMMAD","Shri Gulam Ali (2022-28) (NaN-NaN)","Elected MP","Images","04-Mar-2024","243000"
"129","Normal/Others","WS/MP839/2023-2024/34164-Lighting of public spaces","Jammu And Kashmir","SHAHJAHANPUR(DISTRICT MAGISTRAE SHAHJAHANAPUR_IDA)","LED HIGH MASK LIGHT NEAR KABRISTAN","Shri Gulam Ali (2022-28) (NaN-NaN)","Elected MP","Images","04-Mar-2024","243000"
"130","Normal/Others","WS/MP839/2023-2024/34163-Lighting of public spaces","Jammu And Kashmir","SHAHJAHANPUR(DISTRICT MAGISTRAE SHAHJAHANAPUR_IDA)","LED HIGH MASK LIGHT NEAR HOUSE OF BICHE LAL","Shri Gulam Ali (2022-28) (NaN-NaN)","Elected MP","N/A","04-Mar-2024","243000"
"131","Normal/Others","WS/MP839/2023-2024/34162-Lighting of public spaces","Jammu And Kashmir","SHAHJAHANPUR(DISTRICT MAGISTRAE SHAHJAHANAPUR_IDA)","LED HIGH MASK LIGHT NEAR HOUSE OF HARI RAM","Shri Gulam Ali (2022-28) (NaN-NaN)","Elected MP","N/A","04-Mar-2024","243000"
"132","Normal/Others","WS/MP839/2023-2024/34161-Lighting of public spaces","Jammu And Kashmir","SHAHJAHANPUR(DISTRICT MAGISTRAE SHAHJAHANAPUR_IDA)","LED HIGH MASL LIGHT NEAR DEV NARAYAN MANDIR ASHRAM","Shri Gulam Ali (2022-28) (NaN-NaN)","Elected MP","N/A","04-Mar-2024","243000"
"133","Normal/Others","WS/MP839/2023-2024/34172-Lighting of public spaces","Jammu And Kashmir","SHAHJAHANPUR(DISTRICT MAGISTRAE SHAHJAHANAPUR_IDA)","LED HIGH MASK LIGHT NEAR HOUSE OF SHRI ASHIF","Shri Gulam Ali (2022-28) (NaN-NaN)","Elected MP","N/A","04-Mar-2024","243000"
"134","Normal/Others","WS/MP839/2023-2024/34171-Lighting of public spaces","Jammu And Kashmir","SHAHJAHANPUR(DISTRICT MAGISTRAE SHAHJAHANAPUR_IDA)","LED HIGH MASK LIGHT NEAR HOUSE OF SHRI SACHIN VERMA","Shri Gulam Ali (2022-28) (NaN-NaN)","Elected MP","Images","04-Mar-2024","243000"
"135","Normal/Others","WS/MP839/2023-2024/34170-Lighting of public spaces","Jammu And Kashmir","SHAHJAHANPUR(DISTRICT MAGISTRAE SHAHJAHANAPUR_IDA)","LED HIGH MASK LIGHT NEAR HOUSE OF SHRI UMESH CHANDRA MISHRA","Shri Gulam Ali (2022-28) (NaN-NaN)","Elected MP","Images","04-Mar-2024","243000"
"136","Normal/Others","WS/MP839/2023-2024/34169-Lighting of public spaces","Jammu And Kashmir","SHAHJAHANPUR(DISTRICT MAGISTRAE SHAHJAHANAPUR_IDA)","LED HIGH MASK LIGHT NEAR HOUSE OF AFSAR ALI KHAN","Shri Gulam Ali (2022-28) (NaN-NaN)","Elected MP","N/A","04-Mar-2024","243000"
"137","Normal/Others","WS/MP839/2023-2024/101991-Lighting of public spaces","Jammu And Kashmir","PILIBHIT(DISTRICT MAGISTRAE PILIBHIT_IDA)","SUPPLY AND INSTALLATION OF LED SEMI HIGH MAST AT DIFFERENCE PLACE AT DISTT PILIBHIT AS PER LIST ENCLOSED SERIAL  NO FROM 9 TO 20","Shri Gulam Ali (2022-28) (NaN-NaN)","Elected MP","Images","23-Mar-2024","3395993"
"138","Normal/Others","WS/MP839/2023-2024/102045-Lighting of public spaces","Jammu And Kashmir","PILIBHIT(DISTRICT MAGISTRAE PILIBHIT_IDA)","SUPPLY AND INSTALLATION OF LED SEMI HIGH MAST AT DIFFERENCE PLACE AT DISTT PILIBHIT AS PER LIST ENCLOSED SERIAL  NO FROM 1 TO 8","Shri Gulam Ali (2022-28) (NaN-NaN)","Elected MP","Images","23-Mar-2024","2263995"
"139","Normal/Others","WS/MP839/2023-2024/13023-Construction of community centers and community halls","Jammu And Kashmir","JAMMU(DEPUTY COMMISSIONER JAMMU_IDA)","Upgradtion of main dome of fiber sheets(uv protected sheets)","Shri Gulam Ali (2022-28) (NaN-NaN)","Elected MP","Images","07-Aug-2024","1906475"
"140","Normal/Others","WS/MP839/2024-2025/134187-Lighting of public spaces","Jammu And Kashmir","SHAHJAHANPUR(DISTRICT MAGISTRAE SHAHJAHANAPUR_IDA)","supply and installation of led light as pes enclosed list","Shri Gulam Ali (2022-28) (NaN-NaN)","Elected MP","Images","25-Nov-2024","19925990"
"141","Normal/Others","WS/MP839/2023-2024/61661-Construction of public toilets and bathrooms","Jammu And Kashmir","JAMMU(DEPUTY COMMISSIONER JAMMU_IDA)","Construction of community bathroom at Sunjwan lower","Shri Gulam Ali (2022-28) (NaN-NaN)","Elected MP","Images","17-Oct-2024","1998000"
"142","Normal/Others","WS/MP839/2023-2024/53096-Construction of additional rooms and halls in the existing public and community building","Jammu And Kashmir","JAMMU(DEPUTY COMMISSIONER JAMMU_IDA)","Construction of wall,floor,etc","Shri Gulam Ali (2022-28) (NaN-NaN)","Elected MP","N/A","30-Oct-2024","442318"
"143","Normal/Others","WS/MP839/2024-2025/147849-Lighting of public spaces","Jammu And Kashmir","CHANDAULI(DISTRICT MAGISTRATE CHANDAULI_IDA)","SUPPLY AND INSTALLATION OF LED SEMI HGHMAST LIGHT AT DIFFERENT BLOCKS AND VILLAGES IN DISTRICT CHANDAULI AS PER LIST ENCLOSED.","Shri Gulam Ali (2022-28) (NaN-NaN)","Elected MP","Images","19-Jun-2025","20496000"
"144","Normal/Others","WS/MP839/2023-2024/53097-Installing tube-wells and borewells","Jammu And Kashmir","SAMBA(Deputy Commissioner Samba_IDA)","Instalation of borewell","Shri Gulam Ali (2022-28) (NaN-NaN)","Elected MP","Images","11-Dec-2024","221123"
"145","Normal/Others","WS/MP839/2024-2025/174297-Lighting of public spaces","Jammu And Kashmir","SHAHJAHANPUR(DISTRICT MAGISTRAE SHAHJAHANAPUR_IDA)","Supply And Installation of LED Semi high mast light at 18 different places.","Shri Gulam Ali (2022-28) (NaN-NaN)","Elected MP","N/A","22-Apr-2025","4374000"
"146","Normal/Others","WS/MP839/2024-2025/152776-Construction of common work sheds/ common covered sitting area","Jammu And Kashmir","SAMBA(Deputy Commissioner Samba_IDA)","contstruction of pulli over meen sarkar sarore adda samba","Shri Gulam Ali (2022-28) (NaN-NaN)","Elected MP","Images","26-Apr-2025","459000"
"147","Normal/Others","WS/MP839/2025-2026/191381-Lighting of public spaces","Jammu And Kashmir","SHAHJAHANPUR(DISTRICT MAGISTRAE SHAHJAHANAPUR_IDA)","supply and installation of led semi high mast at different places at district shahjahanpur","Shri Gulam Ali (2022-28) (NaN-NaN)","Elected MP","Images","16-Jun-2025","21870000"
"148","Normal/Others","WS/MP839/2024-2025/152775-Construction of common work sheds/ common covered sitting area","Jammu And Kashmir","JAMMU(DEPUTY COMMISSIONER JAMMU_IDA)","constructionof community shed ward no 8 serial no1 (as per enclosed) please ignore serial no 2","Shri Gulam Ali (2022-28) (NaN-NaN)","Elected MP","Images","16-Jul-2025","1313000"
"149","Normal/Others","WS/MP839/2024-2025/170349-Construction of community centers and community halls","Jammu And Kashmir","KATHUA(DISTRICT DEVELOPMENT COMMISSIONER KATHUA_IDA)","Completion of community hall at district Kathua-6 lacs","Shri Gulam Ali (2022-28) (NaN-NaN)","Elected MP","Images","25-Aug-2025","450000"
"150","Normal/Others","WS/MP839/2025-2026/222781-Lighting of public spaces","Jammu And Kashmir","BUDAUN(DISTRICT MAGISTRATE BUDAUN_IDA)","S I OF LED SEMI HIGH MAST LIGHT  AT FOURTY ONE DIFFERENT PLACES","Shri Gulam Ali (2022-28) (NaN-NaN)","Elected MP","Images","10-Dec-2025","12505000"
"151","Normal/Others","WS/MP839/2024-2025/174299-Construction of roads, link roads, pathways or any other road with or without drainage system","Jammu And Kashmir","JAMMU(DEPUTY COMMISSIONER JAMMU_IDA)","Tile work from Raika Masjid bhatt colonytowards  the house of murad bibi at Raika panchayat, Sunjuwanlower,Block Satwari Tehsil Bahu District Jammu.","Shri Gulam Ali (2022-28) (NaN-NaN)","Elected MP","Images","20-Sep-2025","519300"
"152","Normal/Others","WS/MP839/2025-2026/195277-Installing community drinking water plants","Jammu And Kashmir","JAMMU(DEPUTY COMMISSIONER JAMMU_IDA)","installation testing commisioning of submersible pump set along with allied accessories at shahi swami nagar lower thathar bantalab ward no 63 district jammu","Shri Gulam Ali (2022-28) (NaN-NaN)","Elected MP","Images","29-Nov-2025","328472"
"153","Normal/Others","WS/MP839/2024-2025/158703-Construction of community centers and community halls","Jammu And Kashmir","JAMMU(DEPUTY COMMISSIONER JAMMU_IDA)","remaining work of community hall at purana pind..please ignore serial no 2","Shri Gulam Ali (2022-28) (NaN-NaN)","Elected MP","Images","24-Nov-2025","389394"
"154","Normal/Others","WS/MP839/2025-2026/266612-Lighting of public spaces","Jammu And Kashmir","PILIBHIT(DISTRICT MAGISTRAE PILIBHIT_IDA)","supply and installation of led semi high mast at different 25 places in district pilibhit","Shri Gulam Ali (2022-28) (NaN-NaN)","Elected MP","N/A","11-May-2026","7075000"
"155","Normal/Others","WS/MP839/2025-2026/252211-Construction of cycle tracks, cycle stand and segregated non-motorized vehicle (NMV) lanes","Jammu And Kashmir","POONCH(Deputy Commissioner Poonch_IDA)","Construction of Brick Path near  the home of Farooq ,w .no 4 panchayat-Bandichechian ,Block NSSB , Punch.","Shri Gulam Ali (2022-28) (NaN-NaN)","Elected MP","Images","12-May-2026","98000"
"156","Normal/Others","WS/MP839/2025-2026/191391-Crematoriums/energy efficient crematoriums or structures on burial/cremation ground","Jammu And Kashmir","JAMMU(DEPUTY COMMISSIONER JAMMU_IDA)","contrcution of graveyard shed at dungiyan panchayat lower sunjwan block satwari","Shri Gulam Ali (2022-28) (NaN-NaN)","Elected MP","Images","03-Apr-2026","350000"
"Grand Total"," "," "," "," "," "," "," "," "," ","13,34,29,060"