"Sr. No.","Work category","WORK","State","IDA","Hon'ble Members of Parliament","Elected/Nominated","Work description","Recommended date","RECOMMENDED AMOUNT   ( ₹ )","Sanction Date"
"1","Normal/Others","WS/MP18412/2024-2025/152491-Construction of community centers and community halls","Tripura","West Tripura(DISTRICT MAGISTRATE WEST TRIPURA_IDA)","Shri Rajib Bhattacharjee (2024-28) (2024-2028)","Elected MP","Construction of a Community Hall at the premises of Dhaleswar Bedobani Sangha at Dhaleswar Road no-3, Agartala.","14-Nov-2024","1417827","29-Jan-2025"
"2","Normal/Others","WS/MP18412/2024-2025/152510-Construction of community centers and community halls","Tripura","West Tripura(DISTRICT MAGISTRATE WEST TRIPURA_IDA)","Shri Rajib Bhattacharjee (2024-28) (2024-2028)","Elected MP","Construction of a Community Hall at the premises of Volcan Club, Nutan Palli, Dhaleswar, Agartala.","14-Nov-2024","1000000","29-Jan-2025"
"3","Normal/Others","NA-Construction of community centers and community halls","Tripura","West Tripura(DISTRICT MAGISTRATE WEST TRIPURA_IDA)","Shri Rajib Bhattacharjee (2024-28) (2024-2028)","Elected MP","Construction of community cum shelter house near the house of Ashalata Hrishidas, Hrishidas Para, Ward No-43, AMC, (Land mark- Hrishidas Para Shib Mandir)","24-Feb-2026","2500000","NA"
"4","Normal/Others","NA-Construction of community centers and community halls","Tripura","West Tripura(DISTRICT MAGISTRATE WEST TRIPURA_IDA)","Shri Rajib Bhattacharjee (2024-28) (2024-2028)","Elected MP","Community hall near the house of Samar Chakraborty, Jagaharimura, Ward No-31, AMC (Land Mark-Shri Shri Anandamayi Kalimata Bari)","24-Feb-2026","2000000","NA"
"5","Normal/Others","WS/MP18412/2026-2027/270591-Construction of community centers and community halls","Tripura","Unakoti(DISTRICT MAGISTRATE and COLLECTOR  UNOKOTI_IDA)","Shri Rajib Bhattacharjee (2024-28) (2024-2028)","Elected MP","Additional fund for the construction of Dining Hall cum Kitchen and Study Centre for the ST Students at Ramkrishna Mission Ashram, Kailashahar, Unakoti Tripura","24-Feb-2026","488999","13-May-2026"
"6","Normal/Others","NA-Construction of community centers and community halls","Tripura","Dhalai(DISTRICT MAGISTRATE DHALAI_IDA)","Shri Rajib Bhattacharjee (2024-28) (2024-2028)","Elected MP","Construction of community centre at 82 Mile Bazar under Dhalai District.","25-Jun-2026","1500000","NA"
"7","Normal/Others","WS/MP18412/2024-2025/152388-Construction of public libraries and reading rooms","Tripura","West Tripura(DISTRICT MAGISTRATE WEST TRIPURA_IDA)","Shri Rajib Bhattacharjee (2024-28) (2024-2028)","Elected MP","Const. of Single Storey RCC Library Building at Ramkrishna Mission , A.K.Road , Dhaleswar, Agartala","14-Nov-2024","4500000","29-Jan-2025"
"8","Normal/Others","WS/MP18412/2026-2027/242303-Construction of public libraries and reading rooms","Tripura","West Tripura(DISTRICT MAGISTRATE WEST TRIPURA_IDA)","Shri Rajib Bhattacharjee (2024-28) (2024-2028)","Elected MP","Construction of Library Building at Datta Tilla, Near Kalibari, under Badharghat  A.C area in West Tripura district","24-Oct-2025","600000","15-Jul-2026"
"9","Normal/Others","NA-Crematoriums/energy efficient crematoriums or structures on burial/cremation ground","Tripura","Unakoti(DISTRICT MAGISTRATE and COLLECTOR  UNOKOTI_IDA)","Shri Rajib Bhattacharjee (2024-28) (2024-2028)","Elected MP","Construction of a waiting shed with a firewood storage room at Chandipur Cremation Center (Ward No 01) under Chandipur G.P. of Chandipur R.D Block, Unakoti District.","25-Jun-2026","1074000","NA"
"10","Normal/Others","WS/MP18412/2026-2027/270580-Construction of additional rooms and halls in the existing public and community building","Tripura","South Tripura(DISTRICT MAGISTRATE and COLLECTOR SOUTH TRIPURA DISTRICT_IDA)","Shri Rajib Bhattacharjee (2024-28) (2024-2028)","Elected MP","Construction of new school building  at Sabroom English Medium H.S.School, Sabroom, South Tripura (Phase-2)","24-Feb-2026","2500000","13-Jul-2026"
"11","Normal/Others","WS/MP18412/2025-2026/213925-Construction of boundary walls of existing public and community buildings","Tripura","West Tripura(DISTRICT MAGISTRATE WEST TRIPURA_IDA)","Shri Rajib Bhattacharjee (2024-28) (2024-2028)","Elected MP","Construction of Boundary Wall and Gates of MGM Class XII School, College Tilla, Agartala","01-Jul-2025","2500000","18-Mar-2026"
"12","Normal/Others","WS/MP18412/2026-2027/213929-Construction of buildings for community cultural activities","Tripura","West Tripura(DISTRICT MAGISTRATE WEST TRIPURA_IDA)","Shri Rajib Bhattacharjee (2024-28) (2024-2028)","Elected MP","Construction of Community Cultural Hall at Yogi Vishav Kalyan Trust at Uttam Bhakta Chowmohani, Bishalgarh","01-Jul-2025","2000000","16-May-2026"
"13","Normal/Others","WS/MP18412/2026-2027/267494-Construction of buildings for community cultural activities","Tripura","West Tripura(DISTRICT MAGISTRATE WEST TRIPURA_IDA)","Shri Rajib Bhattacharjee (2024-28) (2024-2028)","Elected MP","Construction of Manipuri Cultural Centre and Guest House at the premises of Puthiba Welfare and Cultural Society, Abhaynagar, Agartala.","10-Feb-2026","3000000","27-Jul-2026"
"14","Normal/Others","WS/MP18412/2025-2026/241072-Providing CCTV camera system for security of public areas","Tripura","West Tripura(DISTRICT MAGISTRATE WEST TRIPURA_IDA)","Shri Rajib Bhattacharjee (2024-28) (2024-2028)","Elected MP","Installation of CCTV surveillance system at Netaji Subhash Vidyaniketan, Agartala, Sadar","24-Oct-2025","430000","05-Mar-2026"
"15","Normal/Others","WS/MP18412/2024-2025/152512-Construction of rooms and halls in school and colleges","Tripura","West Tripura(DISTRICT MAGISTRATE WEST TRIPURA_IDA)","Shri Rajib Bhattacharjee (2024-28) (2024-2028)","Elected MP","Construction of Dining Hall including Kitchen (60`X20`) with fixed RCC dining table having glazed tiles and sitting provision along with 10 units of hand washing basin for Mid-day meal purpose in Bijoy Kumar Girls Class XII School premises at Agartala.","14-Nov-2024","2485776","29-Jan-2025"
"16","Trust and Society","WS/MP18412/2024-2025/152562-Construction of rooms and halls in school and colleges","Tripura","West Tripura(DISTRICT MAGISTRATE WEST TRIPURA_IDA)","Shri Rajib Bhattacharjee (2024-28) (2024-2028)","Elected MP","Construction of Class Room Building on 2nd Floor of Academic Building of Rajarshi College of Education & Skill under Rajarshi Welfare Trust at Bagbari, Lembucherra, West Tripura","14-Nov-2024","2498190","04-Jan-2025"
"17","Normal/Others","WS/MP18412/2025-2026/152599-Construction of rooms and halls in school and colleges","Tripura","West Tripura(DISTRICT MAGISTRATE WEST TRIPURA_IDA)","Shri Rajib Bhattacharjee (2024-28) (2024-2028)","Elected MP","Construction of single Class Room with staircase at Sishu Tirtha School, College Tilla, Agartala","14-Nov-2024","2200000","06-Sep-2025"
"18","Normal/Others","WS/MP18412/2025-2026/176728-Construction of rooms and halls in school and colleges","Tripura","South Tripura(DISTRICT MAGISTRATE and COLLECTOR SOUTH TRIPURA DISTRICT_IDA)","Shri Rajib Bhattacharjee (2024-28) (2024-2028)","Elected MP","Construction of new School Building at Sabroom English Medium HS School, Sabroom, South Tripura. - 1st phase.","20-Feb-2025","2500000","17-Jul-2025"
"19","Normal/Others","NA-Construction of rooms and halls in school and colleges","Tripura","West Tripura(DISTRICT MAGISTRATE WEST TRIPURA_IDA)","Shri Rajib Bhattacharjee (2024-28) (2024-2028)","Elected MP","Construction of a Class Room in the premises of Ramkrishna Vivekananda Vidyamandir, Agartala","07-Jan-2026","2000000","NA"
"20","Normal/Others","NA-Construction of rooms and halls in school and colleges","Tripura","West Tripura(DISTRICT MAGISTRATE WEST TRIPURA_IDA)","Shri Rajib Bhattacharjee (2024-28) (2024-2028)","Elected MP","Construction of additional class room in the premises of Iswar Pathsala English Medium School, College Tilla, Agartala.","03-May-2026","600000","NA"
"21","Normal/Others","NA-Construction of rooms and halls in school and colleges","Tripura","West Tripura(DISTRICT MAGISTRATE WEST TRIPURA_IDA)","Shri Rajib Bhattacharjee (2024-28) (2024-2028)","Elected MP","Construction of RCC Double storied Art Gallery cum Library Building at the premises of Ram Krishna Mission, Viveknagar, Amtali, Ward No. 50, AMC, West Tripura","25-Jun-2026","5000000","NA"
"22","Normal/Others","WS/MP18412/2025-2026/176917-Construction of toilet blocks","Tripura","West Tripura(DISTRICT MAGISTRATE WEST TRIPURA_IDA)","Shri Rajib Bhattacharjee (2024-28) (2024-2028)","Elected MP","Construction of toilet block in the school premises of Kshudiram Basu English Medium School, Old Jail Road, Agartala.","21-Feb-2025","150000","22-May-2025"
"23","Normal/Others","WS/MP18412/2025-2026/176718-Development of playground","Tripura","West Tripura(DISTRICT MAGISTRATE WEST TRIPURA_IDA)","Shri Rajib Bhattacharjee (2024-28) (2024-2028)","Elected MP","Development of playground under the management of Saroj Sangha, Jagaharimura, Agartala West Tripura.","20-Feb-2025","1285890","10-Jun-2025"
"24","Normal/Others","WS/MP18412/2025-2026/213923-Setting up of kitchen and pantries","Tripura","Unakoti(DISTRICT MAGISTRATE and COLLECTOR  UNOKOTI_IDA)","Shri Rajib Bhattacharjee (2024-28) (2024-2028)","Elected MP","Construction of Dining Hall cum Kitchen and Study Centre for the ST Student at Ramkrishna Mission Ashram, Kailashahar, Unakoti Tripura","01-Jul-2025","2500000","04-Feb-2026"
"25","Normal/Others","NA-Setting up of kitchen and pantries","Tripura","West Tripura(DISTRICT MAGISTRATE WEST TRIPURA_IDA)","Shri Rajib Bhattacharjee (2024-28) (2024-2028)","Elected MP","Construction of Dining Hall cum Kitchen at Ramthakur Girls High School, Ward No 31, Agartala, Tripura West","25-Jun-2026","1500000","NA"
"26","Normal/Others","WS/MP18412/2025-2026/152546-Purchase of ambulances (Four, three and two wheelers)","Tripura","West Tripura(DISTRICT MAGISTRATE WEST TRIPURA_IDA)","Shri Rajib Bhattacharjee (2024-28) (2024-2028)","Elected MP","Providing one Mahindra Bolero Neo Ambulance at the disposal of Pioneer Youth Club at Amtila, Borgul, Kadamtala, North Tripura","14-Nov-2024","1338787","18-Jul-2025"
"27","Normal/Others","WS/MP18412/2024-2025/152550-Purchase of ambulances (Four, three and two wheelers)","Tripura","West Tripura(DISTRICT MAGISTRATE WEST TRIPURA_IDA)","Shri Rajib Bhattacharjee (2024-28) (2024-2028)","Elected MP","Providing 2 nos. Mahindra Stiller Auto 8 Seater Golf Cart for AGMC GBP Hospital Agartala.","14-Nov-2024","1000000","21-Mar-2025"
"28","Normal/Others","WS/MP18412/2025-2026/176709-Purchase of ambulances (Four, three and two wheelers)","Tripura","West Tripura(DISTRICT MAGISTRATE WEST TRIPURA_IDA)","Shri Rajib Bhattacharjee (2024-28) (2024-2028)","Elected MP","Maruti Suzuki EECO 1.2L Ambulance for Green Arrow Club, East Pratapgarh, Agartala, Ward No-43 (to be registered in the name of secretary Green Arrow Club, East Pratapgarh, Agartala)","20-Feb-2025","901000","15-Sep-2025"
"29","Normal/Others","WS/MP18412/2025-2026/176712-Purchase of ambulances (Four, three and two wheelers)","Tripura","West Tripura(DISTRICT MAGISTRATE WEST TRIPURA_IDA)","Shri Rajib Bhattacharjee (2024-28) (2024-2028)","Elected MP","Providing Maruti Suzuki EECO Ambulance 1.2L for Blue Lotus Club, Dhaleswar Road No.1, Agartala West Tripura","20-Feb-2025","901000","15-Sep-2025"
"30","Normal/Others","WS/MP18412/2025-2026/176714-Purchase of ambulances (Four, three and two wheelers)","Tripura","West Tripura(DISTRICT MAGISTRATE WEST TRIPURA_IDA)","Shri Rajib Bhattacharjee (2024-28) (2024-2028)","Elected MP","Maruti Suzuki Eeco Ambulance 1.2 L for Vivekananda Sangha, College tilla, Agartala.","20-Feb-2025","901000","15-Sep-2025"
"31","Normal/Others","WS/MP18412/2025-2026/176716-Purchase of ambulances (Four, three and two wheelers)","Tripura","West Tripura(DISTRICT MAGISTRATE WEST TRIPURA_IDA)","Shri Rajib Bhattacharjee (2024-28) (2024-2028)","Elected MP","Maruti Suzuki Eeco Ambulance 1.2 L Bir Bikram Club Melaghar Paul Para, Ward No-13, Sonamura Sub Divison.","20-Feb-2025","901000","15-Sep-2025"
"32","Normal/Others","NA-Purchase of ambulances (Four, three and two wheelers)","Tripura","West Tripura(DISTRICT MAGISTRATE WEST TRIPURA_IDA)","Shri Rajib Bhattacharjee (2024-28) (2024-2028)","Elected MP","Additional fund for providing one Mahindra Bolero Pioneer Youth Club at Amtila, Borgul, Kadamtala North Tripura (To be registered in favour of Secretary  for Pioneer Youth Club at Amtila, Borgul, Kadamtala North Tripura.","20-Feb-2025","48500","NA"
"33","Normal/Others","WS/MP18412/2024-2025/176735-Purchase of ambulances (Four, three and two wheelers)","Tripura","West Tripura(DISTRICT MAGISTRATE WEST TRIPURA_IDA)","Shri Rajib Bhattacharjee (2024-28) (2024-2028)","Elected MP","Additional fund for providing 2 nos. Mahindra Stiller Auto 8 sitter Golf Cart for AGMC GBP Hospital, Agartala","20-Feb-2025","290000","21-Mar-2025"
"34","Normal/Others","WS/MP18412/2025-2026/213926-Purchase of ambulances (Four, three and two wheelers)","Tripura","West Tripura(DISTRICT MAGISTRATE WEST TRIPURA_IDA)","Shri Rajib Bhattacharjee (2024-28) (2024-2028)","Elected MP","Providing Tata Ambulance for Yuvak Sangha, Madhya Bhubanban, Agartala","01-Jul-2025","892865","06-Dec-2025"
"35","Normal/Others","WS/MP18412/2025-2026/220828-Purchase of ambulances (Four, three and two wheelers)","Tripura","West Tripura(DISTRICT MAGISTRATE WEST TRIPURA_IDA)","Shri Rajib Bhattacharjee (2024-28) (2024-2028)","Elected MP","Providing 1 (One) TaTa Magic Ambulance for Anga Sanchalani Club, Kamar Pukur Par, Dhaleswar, Agartala, Ward - 23","21-Jul-2025","892865","06-Dec-2025"
"36","Normal/Others","WS/MP18412/2025-2026/254559-Purchase of ambulances (Four, three and two wheelers)","Tripura","West Tripura(DISTRICT MAGISTRATE WEST TRIPURA_IDA)","Shri Rajib Bhattacharjee (2024-28) (2024-2028)","Elected MP","Providing additional fund for Maruti Suzuki ECO ambulance for Bir Bikram Club, Melaghar, Paul Para","17-Dec-2025","16448","18-Dec-2025"
"37","Normal/Others","WS/MP18412/2025-2026/254560-Purchase of ambulances (Four, three and two wheelers)","Tripura","West Tripura(DISTRICT MAGISTRATE WEST TRIPURA_IDA)","Shri Rajib Bhattacharjee (2024-28) (2024-2028)","Elected MP","Providing additional fund for Maruti Suzuki ECO ambulance for Vivekananda Sangha, College Tilla, Agartala","17-Dec-2025","16448","18-Dec-2025"
"38","Normal/Others","WS/MP18412/2025-2026/254561-Purchase of ambulances (Four, three and two wheelers)","Tripura","West Tripura(DISTRICT MAGISTRATE WEST TRIPURA_IDA)","Shri Rajib Bhattacharjee (2024-28) (2024-2028)","Elected MP","Providing additional fund for Maruti Suzuki ECO ambulance for Blue Lotus Club, Dhaleswar, Agartala","17-Dec-2025","16448","18-Dec-2025"
"39","Normal/Others","WS/MP18412/2025-2026/254562-Purchase of ambulances (Four, three and two wheelers)","Tripura","West Tripura(DISTRICT MAGISTRATE WEST TRIPURA_IDA)","Shri Rajib Bhattacharjee (2024-28) (2024-2028)","Elected MP","Providing additional fund for Maruti Suzuki ECO ambulance for Green Arrow Club, East Pratapgarh, Agartala","17-Dec-2025","16448","18-Dec-2025"
"40","Normal/Others","WS/MP18412/2025-2026/254631-Purchase of ambulances (Four, three and two wheelers)","Tripura","West Tripura(DISTRICT MAGISTRATE WEST TRIPURA_IDA)","Shri Rajib Bhattacharjee (2024-28) (2024-2028)","Elected MP","Providing 1 (One) Maruti Suzuki Eeco Ambulance 1.2L for National Law University, Tripura at Narsingarh","17-Dec-2025","886811","18-Dec-2025"
"41","Normal/Others","NA-Purchase of hearse van (Four, three and two wheelers)","Tripura","Unakoti(DISTRICT MAGISTRATE and COLLECTOR  UNOKOTI_IDA)","Shri Rajib Bhattacharjee (2024-28) (2024-2028)","Elected MP","Procurement of a fully equipped Mortuary Van for Kailashahar Municipal Council","07-Jan-2026","1000000","NA"
"42","Normal/Others","NA-Providing drains and gutters for public drainage","Tripura","West Tripura(DISTRICT MAGISTRATE WEST TRIPURA_IDA)","Shri Rajib Bhattacharjee (2024-28) (2024-2028)","Elected MP","Construction of RCC Drain in the west lane of Gedumia Masjid, starting from the house of Shri Dilip Debnath to the house of Shri Jahar Saha in Deshbandhu Chittaranjan Club area, Ward No. 21, AMC","25-Jun-2026","3500000","NA"
"43","Normal/Others","NA-Construction of public toilets and bathrooms","Tripura","West Tripura(DISTRICT MAGISTRATE WEST TRIPURA_IDA)","Shri Rajib Bhattacharjee (2024-28) (2024-2028)","Elected MP","Construction of Community Toilet Block, Installation of SBDTW & IRP at Jagannath Ballav Sheva Sadan, Madhya Pratapgarh, Agartala","09-Jul-2026","1200000","NA"
"44","Normal/Others","NA-Construction of roads, link roads, pathways or any other road with or without drainage system","Tripura","West Tripura(DISTRICT MAGISTRATE WEST TRIPURA_IDA)","Shri Rajib Bhattacharjee (2024-28) (2024-2028)","Elected MP","Construction of CC Road with side drain from AA Road to Subrata Majumder house, near Resham Bagan Athletic School under Ward No-9, AMC","10-Feb-2026","600000","NA"
"45","Normal/Others","NA-Construction of roads, link roads, pathways or any other road with or without drainage system","Tripura","West Tripura(DISTRICT MAGISTRATE WEST TRIPURA_IDA)","Shri Rajib Bhattacharjee (2024-28) (2024-2028)","Elected MP","Construction of road and drainage system from Biplab Ghosh house to Amit Choudhury house and Azad Hind Road from Priya Electric to Jail Road under Ward No 24, Agartala Municipal Corporation","10-Feb-2026","2100000","NA"
"46","Normal/Others","NA-Construction of roads, link roads, pathways or any other road with or without drainage system","Tripura","North Tripura(DISTRICT MAGISTRATE and COLLECTOR NORTH TRIPURA DISTRICT_IDA)","Shri Rajib Bhattacharjee (2024-28) (2024-2028)","Elected MP","Construction of RCC/Paver Block approach road & pucca drain leading to car wash centre near Iron Bridge of Sonarerbasa, Bhagyapur G.P under Kalachara Block, North Tripura","25-Jun-2026","800000","NA"
"47","Normal/Others","WS/MP18412/2026-2027/257765-Creation of new ponds","Tripura","Sepahijala(DISTRICT MAGISTRATE and COLLECTOR SIPAHIJALA_IDA)","Shri Rajib Bhattacharjee (2024-28) (2024-2028)","Elected MP","Development of community water harvesting pond, Routhkalla GP, Bishalgarh R.D.Block, Sepahijala District.","07-Jan-2026","3500000","10-Jul-2026"
"48","Normal/Others","WS/MP18412/2025-2026/241063- Providing sports equipment, except consumable items","Tripura","West Tripura(DISTRICT MAGISTRATE WEST TRIPURA_IDA)","Shri Rajib Bhattacharjee (2024-28) (2024-2028)","Elected MP","Providing of Hand Roller and Grass Cutter machine for the cricket ground of Modern Club, Shibnagar, Agartala.","24-Oct-2025","499050","09-Mar-2026"
"49","Normal/Others","WS/MP18412/2026-2027/241068-Construction of buildings for multi-gym","Tripura","West Tripura(DISTRICT MAGISTRATE WEST TRIPURA_IDA)","Shri Rajib Bhattacharjee (2024-28) (2024-2028)","Elected MP","Providing Modern GYM equipments and GYM facilities in the premises of Vivekananda Byamaghar, Agartala","24-Oct-2025","1500000","07-Jul-2026"
"50","Normal/Others","WS/MP18412/2025-2026/241082-Construction of stadiums","Tripura","Sepahijala(DISTRICT MAGISTRATE and COLLECTOR SIPAHIJALA_IDA)","Shri Rajib Bhattacharjee (2024-28) (2024-2028)","Elected MP","Construction of Stadium in Boxanagar Play Ground under Sepahijala District","24-Oct-2025","2500000","09-Jan-2026"
"51","Normal/Others","NA-Installation of multi-gym equipment","Tripura","West Tripura(DISTRICT MAGISTRATE WEST TRIPURA_IDA)","Shri Rajib Bhattacharjee (2024-28) (2024-2028)","Elected MP","Installation of an open GYM in AMC Ward office premises under  Ward No-31, AMC","10-Feb-2026","1000000","NA"
"52","Normal/Others","NA-Installation of multi-gym equipment","Tripura","West Tripura(DISTRICT MAGISTRATE WEST TRIPURA_IDA)","Shri Rajib Bhattacharjee (2024-28) (2024-2028)","Elected MP","Establishment of  Modern GYM with equipments in the premises of Modern Cricket Academy, Shibnagar College Road, Ward No. 24, AMC","25-Jun-2026","1500000","NA"
"53","Normal/Others","WS/MP18412/2026-2027/243599-Installation of fixed garden gym equipment","Tripura","West Tripura(DISTRICT MAGISTRATE WEST TRIPURA_IDA)","Shri Rajib Bhattacharjee (2024-28) (2024-2028)","Elected MP","Installation of open Gymnasium at Kalkalia Chowmuhani  under Mohanpur R.D.Block area of Mohanpur  A.C  in West Tripura district.","24-Oct-2025","1000000","27-Jul-2026"
"54","Normal/Others","WS/MP18412/2026-2027/243600-Installation of fixed garden gym equipment","Tripura","West Tripura(DISTRICT MAGISTRATE WEST TRIPURA_IDA)","Shri Rajib Bhattacharjee (2024-28) (2024-2028)","Elected MP","Installation of open Gymnasium at Birmohan Village under Lefunga Block area of Mohanpur A.C in West Tripura district.","24-Oct-2025","1000000","14-Jul-2026"
"55","Normal/Others","WS/MP18412/2025-2026/210477-Development of public parks","Tripura","West Tripura(DISTRICT MAGISTRATE WEST TRIPURA_IDA)","Shri Rajib Bhattacharjee (2024-28) (2024-2028)","Elected MP","Creation of Green Park along with erection of Fiber Statue of Maharaja Bir Bikram Kishore Manikya Bahadur with suitable base in the premises of BBMC, Agartala.","19-Jun-2025","999992","29-Oct-2025"
"56","Repair and Renovation","NA-Development of public parks","Tripura","West Tripura(DISTRICT MAGISTRATE WEST TRIPURA_IDA)","Shri Rajib Bhattacharjee (2024-28) (2024-2028)","Elected MP","Cafeteria development work at Rabindra Kanan Amusement Park, Agartala under Horticulture Directorate, Govt. of Tripura.","07-Jan-2026","2100000","NA"
"57","Normal/Others","NA-Development of public parks","Tripura","West Tripura(DISTRICT MAGISTRATE WEST TRIPURA_IDA)","Shri Rajib Bhattacharjee (2024-28) (2024-2028)","Elected MP","Water fountain and electrification work at Rabindra Kanan Amusement Park, Agartala under Horticulture Directorate, Govt. of Tripura.","07-Jan-2026","900000","NA"
"58","Normal/Others","WS/MP18412/2026-2027/267500-Development of playfields and sports grounds","Tripura","Sepahijala(DISTRICT MAGISTRATE and COLLECTOR SIPAHIJALA_IDA)","Shri Rajib Bhattacharjee (2024-28) (2024-2028)","Elected MP","Construction of Volleyball ground in Ward No-1 of Melaghar M.C","10-Feb-2026","1700000","31-Jul-2026"
"Grand Total"," "," "," "," "," "," "," "," "," ","8,46,49,344"